出来る,4880
実施為る,1633
推進為る,1262
目指す,1105
利用為る,1061
取り組む,1015
仕舞う,936
発表為る,847
対応為る,759
逮捕為る,713
発生為る,691
紹介為る,691
開催為る,678
使用為る,636
頑張る,623
活用為る,617
思い出す,610
参加為る,605
設置為る,594
結婚為る,574
説明為る,572
確認為る,561
御座る,551
提供為る,542
支援為る,511
増加為る,496
実現為る,463
指摘為る,460
確保為る,457
登場為る,453
検討為る,450
評価為る,450
減少為る,449
購入為る,445
理解為る,439
支払う,430
期待為る,411
繰り返す,401
見付ける,393
促進為る,384
受け入れる,384
目立つ,384
気付く,378
回答為る,374
見付かる,372
展開為る,364
出会う,363
導入為る,361
配慮為る,359
用意為る,350
化為る,347
拡大為る,341
出掛ける,326
存在為る,325
上回る,309
変化為る,302
作成為る,298
発揮為る,296
連携為る,290
維持為る,287
表示為る,284
取り上げる,282
開始為る,279
主張為る,276
強化為る,274
判断為る,272
開発為る,270
決定為る,267
採用為る,266
取り入れる,264
考慮為る,262
重視為る,261
担当為る,261
引き続く,258
受け取る,258
構成為る,256
成功為る,252
近付く,252
販売為る,251
保存為る,248
掲載為る,244
反映為る,243
運営為る,241
支持為る,241
終了為る,240
盛り込む,237
発売為る,235
発見為る,234
注目為る,230
表明為る,230
整備為る,229
予想為る,229
誕生為る,228
付き合う,226
訪問為る,225
振り返る,225
比較為る,223
見掛ける,221
否定為る,216
出席為る,216
貢献為る,215
低下為る,214
把握為る,213
持ち込む,212
策定為る,211
批判為る,211
落ち着く,211
同居為る,209
成立為る,204
心配為る,201
見詰める,201
認識為る,197
締結為る,197
公表為る,196
回復為る,194
協力為る,193
落札為る,193
卒業為る,192
記録為る,190
達成為る,190
予定為る,189
強調為る,189
設立為る,188
役立つ,187
代表為る,187
提出為る,187
理解出来る,184
獲得為る,184
見込む,184
設定為る,181
活躍為る,180
公開為る,179
派遣為る,175
安定為る,174
記念為る,172
進化為る,171
死亡為る,169
完成為る,168
要求為る,168
対処為る,168
安心為る,167
表現為る,167
傷付ける,165
乗り込む,162
防止為る,162
変更為る,162
反対為る,161
集中為る,160
追い込む,159
出品為る,158
意識為る,158
選択為る,156
体験為る,155
報告為る,155
上昇為る,153
充実為る,153
打ち出す,153
関連為る,153
組み合わせる,152
推移為る,151
相談為る,150
提案為る,150
引き受ける,150
呼び出す,149
分析為る,149
創設為る,148
継続為る,147
生み出す,147
引っ張る,146
活動為る,146
規定為る,145
指定為る,145
優先為る,145
依頼為る,145
撮影為る,144
取り戻す,144
手掛ける,144
関与為る,144
生活為る,143
辿り着く,143
左右為る,142
手伝う,142
乗車為る,142
改正為る,141
解決為る,141
追加為る,141
移行為る,141
入力為る,140
乗り出す,139
見直す,139
所属為る,138
出演為る,138
適用為る,137
似合う,137
我慢為る,136
就任為る,136
利用出来る,134
交換為る,133
悪化為る,132
宣言為る,131
盛り上がる,131
拘束為る,131
改善為る,130
作り上げる,130
殺害為る,129
想像為る,128
移動為る,128
処理為る,128
入院為る,127
出場為る,127
一致為る,127
共有為る,127
見上げる,127
感謝為る,126
実感為る,126
失敗為る,126
提示為る,126
更新為る,126
呼び掛ける,125
取材為る,124
意味為る,124
収集為る,123
注意為る,123
不足為る,122
保護為る,122
協議為る,122
構築為る,121
対応出来る,121
会談為る,121
押し付ける,121
立ち上がる,121
納得出来る,121
取得為る,121
成長為る,120
受賞為る,119
限定為る,119
流行る,119
採択為る,119
記載為る,118
調整為る,118
開設為る,118
申し込む,117
尊重為る,117
落ち込む,117
飛び込む,116
間違う,116
下回る,116
発足為る,116
直面為る,116
連絡為る,116
振る舞う,115
演奏為る,114
希望為る,114
想定為る,113
約束為る,113
質問為る,113
到着為る,113
保有為る,113
繰り広げる,113
普及為る,113
乗り越える,112
満足為る,112
取り出す,112
応募為る,112
挑戦為る,111
予測為る,110
該当為る,110
徹底為る,109
進展為る,109
買い物為る,109
指導為る,109
発覚為る,108
追い付く,108
影響為る,108
進行為る,107
募集為る,107
追求為る,107
見送る,107
禁止為る,106
背負う,106
経営為る,106
実行為る,106
取り巻く,105
投入為る,105
位置為る,105
削除為る,104
供給為る,104
確定為る,104
作り出す,104
制限為る,103
解消為る,103
申請為る,103
位置付ける,103
判明為る,102
打ち明ける,102
経験為る,102
帰国為る,102
関係為る,101
管理為る,101
再開為る,101
出発為る,100
独立為る,100
搭載為る,100
駆け付ける,100
思い付く,100
引き出す,100
明記為る,99
解放為る,97
離婚為る,97
計上為る,97
要請為る,97
計算為る,96
売り出す,96
削減為る,96
起動為る,96
披露為る,96
事言う,96
記者会見為る,95
飛び出す,95
吸収為る,95
喧嘩為る,95
配布為る,95
制定為る,94
盛り上げる,94
施行為る,94
勉強為る,93
対戦為る,93
苦労為る,93
上方修正為る,93
収容為る,93
進学為る,92
避難為る,92
話し合う,91
転換為る,91
準備為る,91
義務付ける,91
受け継ぐ,90
感動為る,90
模索為る,90
製造為る,90
苛々為る,90
期待出来る,90
依存為る,90
建設為る,90
仕上げる,90
入手出来る,89
共通為る,89
請求為る,89
整理為る,89
在籍為る,88
研究為る,87
受け止める,87
継承為る,87
懸念為る,87
勤務為る,86
書き込む,86
注文為る,86
相当為る,86
追い掛ける,86
信用為る,85
浮かび上がる,85
裏切る,85
発行為る,85
指示為る,85
通用為る,84
名乗る,84
負担為る,84
増殖為る,83
提唱為る,83
案内為る,83
録画為る,82
無視為る,82
来日為る,82
間に合う,82
乗り切る,82
確立為る,81
心掛ける,81
生産為る,81
密着為る,81
定着為る,81
廃止為る,81
埋め込む,81
解説為る,80
同行為る,80
踏み込む,80
取り込む,80
入札為る,80
結び付ける,80
就職為る,80
引き継ぐ,80
配置為る,80
仕掛ける,80
完了為る,79
報道為る,79
興奮為る,79
所有為る,79
上演為る,78
買い取る,78
巻き込む,78
見合う,78
発展為る,78
戸惑う,78
振り回す,77
先立つ,77
名付ける,77
事為る,77
見分ける,77
思い掛ける,77
取り付ける,77
象徴為る,77
登録為る,76
発信為る,75
入手為る,75
見出だす,75
御免為さる,75
打ち込む,75
起因為る,74
追及為る,74
切り替える,74
見回す,74
歓迎為る,74
圧倒為る,74
微笑む,74
知り合う,74
立ち直る,74
伝達為る,74
切り取る,73
受信為る,73
引き上げる,73
押収為る,72
放置為る,72
浮気為る,72
議論為る,72
調査為る,72
収録為る,72
停止為る,72
先行為る,71
反省為る,71
予約為る,71
共感為る,71
応援為る,71
署名為る,71
踏襲為る,71
押し出す,70
見下ろす,70
一貫為る,70
引き下げる,70
前進為る,70
本格化為る,70
説得為る,70
納得為る,70
見舞う,70
奉仕為る,70
仕入れる,69
茹で上がる,69
検挙為る,69
視為る,69
間違える,69
振り込む,69
確保出来る,69
辞任為る,68
発効為る,68
検索為る,68
魅了為る,68
詰め込む,68
運転為る,68
着手為る,68
逃げ出す,68
到達為る,67
開幕為る,67
思い込む,67
非難為る,67
出来上がる,67
配信為る,67
多発為る,67
話し掛ける,67
馴染む,66
実践為る,66
阻害為る,66
問い合わせる,66
形成為る,66
後悔為る,66
抽出為る,66
分類為る,66
同感出来る,65
見渡す,65
電話為る,65
寄与為る,65
中止為る,64
開通為る,64
向き合う,64
介在為る,64
立ち上げる,64
切り出す,64
信頼出来る,64
切り開く,64
勝負為る,64
証明為る,64
観察為る,64
配備為る,63
勘違い為る,63
言い切る,63
出版為る,63
回収為る,63
張り付ける,63
合格為る,63
接続為る,63
助成為る,63
指差す,62
感染為る,62
消費為る,62
可決為る,62
差し出す,62
反論為る,62
混乱為る,62
低迷為る,61
新設為る,61
放送為る,61
噴火為る,61
見極める,61
打ち上げる,61
閉鎖為る,60
置き換える,60
取り除く,60
抑制為る,60
結び付く,60
引き起こす,60
努力為る,60
持ち出す,60
認定為る,60
支配為る,60
激化為る,59
覚悟為る,59
発送為る,59
徴収為る,59
感心為る,59
役立てる,59
満喫為る,59
増大為る,59
支給為る,58
抜け出す,58
衝突為る,58
承認為る,58
激減為る,58
合意為る,58
語り合う,58
付け加える,57
取り扱う,57
愛用為る,57
結成為る,57
縮小為る,57
突破為る,57
言い渡す,56
復活為る,56
告白為る,56
抱え込む,56
対抗為る,56
見当たる,56
輸入為る,56
介入為る,56
選定為る,56
押し寄せる,56
起訴為る,55
売却為る,55
指名為る,55
了承為る,55
旅為る,55
選出為る,55
踏み切る,55
謝罪為る,55
受け付ける,55
敷き詰める,55
追い詰める,55
裏付ける,55
露出為る,55
引き締める,54
一つ以上回答為る,54
育成為る,54
刺激為る,54
行動為る,54
輸出為る,54
成り立つ,53
醸し出す,53
調達為る,53
我慢出来る,53
夢見る,53
送り込む,53
短縮為る,53
送金為る,53
引っ掛かる,53
展示為る,53
発射為る,53
語り掛ける,53
破綻為る,53
抱き締める,53
請け負う,53
恋為る,52
気取る,52
統一為る,52
仕事為る,52
組み立てる,52
拝見為る,52
掃除為る,52
信頼為る,52
阻止為る,52
取り纏める,52
主催為る,52
浮上為る,52
自殺為る,52
栽培為る,52
点在為る,52
日焼け為る,52
散歩為る,51
下方修正為る,51
放り込む,51
途切れる,51
目覚める,51
持ち上げる,51
踏み出す,51
連動為る,51
駆け込む,51
再現為る,51
根付く,51
浸透為る,51
押し込む,51
片付ける,51
証言為る,51
補完為る,51
重宝為る,51
送り出す,51
受診為る,50
譲り受ける,50
運用為る,50
修正為る,50
見守る,50
統合為る,50
自覚為る,50
文句付ける,50
区分為る,50
見逃す,49
推測為る,49
破壊為る,49
飛び交う,49
急増為る,49
投資為る,49
出向く,49
製作為る,49
躊躇う,49
移り住む,49
凝縮為る,49
享受為る,49
記述為る,49
緩和為る,49
分解為る,48
積み上げる,48
留意為る,48
欠場為る,48
行き届く,48
痛感為る,48
拒否為る,48
込み上げる,48
包み込む,48
緊張為る,48
提携為る,48
引き摺る,48
働き掛ける,48
妊娠為る,48
芽生える,48
定義為る,48
生き残る,48
出入り為る,47
減速為る,47
走り回る,47
捜し出す,47
向上為る,47
進出為る,47
無理為る,47
吹き出す,47
経由為る,47
賛成為る,46
着目為る,46
放出為る,46
出資為る,46
診断為る,46
転落為る,46
関係有る,46
開業為る,46
検証為る,46
退職為る,46
拡充為る,46
差し込む,46
二つ有る,46
受け持つ,46
仕留める,46
加速為る,46
持ち帰る,46
参入為る,45
発言為る,45
排除為る,45
候補為る,45
脱退為る,45
切り上げる,44
反発為る,44
酔っ払う,44
進歩為る,44
流通為る,44
下落為る,44
振り向く,44
発揮出来る,44
通知為る,44
警戒為る,44
装着為る,44
入り込む,43
固定為る,43
目撃為る,43
立ち入る,43
解除為る,43
注入為る,43
バリアフリー化為る,43
帰宅為る,43
方居る,43
悪用為る,43
吹き出る,43
決断為る,43
邪魔為る,42
難航為る,42
結集為る,42
突き付ける,42
出力為る,42
交渉為る,42
傷付く,42
折り畳む,42
射殺為る,42
出迎える,42
申し訳有る,41
組み込む,41
長引く,41
治療為る,41
組織為る,41
併用為る,41
離職為る,41
踏み躙る,41
説明出来る,41
創造為る,41
蓄積為る,41
排出為る,41
見据える,41
受講為る,41
入学為る,41
アクセス出来る,41
確認出来る,41
機能為る,40
投稿為る,40
自慢為る,40
決意為る,40
供与為る,40
放映為る,40
容認為る,40
引き取る,40
差し上げる,40
投げ飛ばす,40
表記為る,40
公布為る,40
際立つ,40
確信為る,40
印象付ける,40
加入為る,40
保障為る,39
取り替える,39
感激為る,39
中断為る,39
後押し為る,39
手渡す,39
注ぎ込む,39
入社為る,39
思い浮かべる,39
監視為る,39
堪能為る,39
真似為る,39
遣り取り為る,39
指揮為る,39
先駆ける,39
敬遠為る,39
洒落る,38
切り離す,38
上京為る,38
通報為る,38
抵抗為る,38
擦れ違う,38
反応為る,38
閉じ込める,38
献上為る,38
引っ越す,38
呼び止める,38
訪日為る,38
招聘為る,38
判断出来る,38
出馬為る,38
流し送る,38
接触為る,38
加工為る,38
経過為る,38
吐き出す,38
事有る,38
回避為る,37
互い頑張る,37
投げ出す,37
占領為る,37
雇用為る,37
周知為る,37
手放す,37
読み上げる,37
軽減為る,37
持て囃す,37
援助為る,37
感じ取る,37
歩き回る,37
網羅為る,37
売り込む,37
受験為る,37
省略為る,36
決め込む,36
実現出来る,36
制約為る,36
宿泊為る,36
主演為る,36
当て嵌まる,36
被災為る,36
比肩為る,36
引き渡す,36
割り切る,36
入居為る,36
引き付ける,36
補助為る,36
使用出来る,36
後退為る,36
連続為る,35
憑依為る,35
攻撃為る,35
掛け離れる,35
思い立つ,35
伸び悩む,35
持参為る,35
匹敵為る,35
金返す,35
挿入為る,35
執り行なう,35
監禁為る,35
他成る,35
一転為る,35
投げ込む,35
怪我為る,35
摂取為る,35
踏み入れる,35
一つ有る,34
出港為る,34
公式訪問為る,34
優勝為る,34
尊敬為る,34
自生為る,34
巻き上げる,34
点検為る,34
骨折為る,34
積み上がる,34
適合為る,34
退院為る,34
当選為る,34
棄却為る,34
通院為る,34
遣り遂げる,34
仕立てる,34
集計為る,34
駆使為る,34
調印為る,33
漕ぎ着ける,33
奪い取る,33
公演為る,33
湧き出る,33
睨み付ける,33
引き寄せる,33
付与為る,33
同意為る,33
言い表わす,33
引退為る,33
参加出来る,33
崩壊為る,33
印刷為る,33
分け合う,33
突き込む,33
見せ付ける,33
突入為る,33
相続為る,33
自立為る,33
引き立つ,33
寝転ぶ,32
建て替える,32
牽制為る,32
参照為る,32
体験出来る,32
分担為る,32
書き出す,32
打ち取る,32
対立為る,32
騙し取る,32
擦り下ろす,32
回答呉れる,32
開放為る,32
多数有る,32
居住為る,32
記入為る,32
凍結為る,32
動き回る,32
見習う,32
検知為る,32
物語る,32
通過為る,32
委託為る,31
意図為る,31
飲み込む,31
克服為る,31
言い聞かせる,31
出産為る,31
立ち寄る,31
認知為る,31
生まれ育つ,31
仕切る,31
従事為る,31
成人為る,31
計画為る,31
読み取る,31
健闘為る,31
会見為る,31
再生為る,31
推計為る,31
話為る,31
思い切る,31
取り引き為る,31
書き替える,31
移動出来る,31
十回擦る,30
相手取る,30
取り囲む,30
実感出来る,30
脱出為る,30
視聴為る,30
採取為る,30
提起為る,30
飛び回る,30
予告為る,30
記憶為る,30
巻き戻す,30
延期為る,30
派生為る,30
解禁為る,30
放棄為る,30
再婚為る,30
演出為る,30
待ち受ける,30
立ち並ぶ,30
着用為る,30
積み込む,30
処方為る,30
作曲為る,30
見張る,30
出回る,30
打ち切る,30
操縦出来る,30
出向為る,30
提言為る,30
長持ち為る,29
事聞く,29
操縦為る,29
プレー出来る,29
出勤為る,29
共演為る,29
加盟為る,29
触れ合う,29
負傷為る,29
食い止める,29
積み重ねる,29
直営為る,29
取り分ける,29
読み込む,29
掌握為る,29
書類送検為る,29
青褪める,29
根差す,29
爆発為る,29
快勝為る,29
描き出す,29
続伸為る,29
作動為る,29
長期化為る,29
保管為る,29
実行出来る,29
告発為る,29
断言為る,29
移籍為る,29
協調為る,29
通り過ぎる,29
隣接為る,29
汲み取る,28
殺到為る,28
合併為る,28
交付為る,28
毎日連絡為る,28
勝利為る,28
恐れ入る,28
制御出来る,28
率先為る,28
示唆為る,28
特定為る,28
録音為る,28
送信為る,28
取り払う,28
売れ残る,28
噛み締める,28
代行為る,27
強請る,27
解き明かす,27
御覧下さる,27
孤立為る,27
矛盾為る,27
遣り直す,27
乾燥為る,27
宣伝為る,27
交流為る,27
解析為る,27
圧迫為る,27
掲示為る,27
識別出来る,27
上陸為る,27
熱中為る,27
推薦為る,27
行き着く,27
翻訳為る,27
年老いる,27
融合為る,27
隠匿為る,27
締め付ける,27
解決出来る,27
明言為る,27
駆け寄る,27
専念為る,27
摘発為る,27
再生出来る,27
刺殺為る,27
配分為る,27
返還為る,27
応用為る,26
区別為る,26
持ち上がる,26
聞き取る,26
抱き合う,26
加点為る,26
遠慮為る,26
呼び寄せる,26
切り落とす,26
切り捨てる,26
防除出来る,26
長続き為る,26
訪朝為る,26
違反為る,26
算出為る,26
閣議決定為る,26
掘り出す,26
討議為る,26
適応為る,26
勘案為る,26
急変為る,26
取り消す,26
飛び抜ける,26
生息為る,26
力尽きる,26
詰め寄る,26
通り抜ける,26
編集為る,26
取り下げる,25
流出為る,25
醸成為る,25
設計為る,25
毎日洗う,25
企画為る,25
間借り為る,25
購入出来る,25
明示為る,25
故障為る,25
宣告為る,25
付き纏う,25
合計為る,25
表面化為る,25
荒廃為る,25
立ち向かう,25
同情為る,25
解任為る,25
困惑為る,25
勧め有る,25
招待為る,25
抜擢為る,25
視察為る,25
翻弄為る,25
完熟為る,25
責任有る,25
本来有る,25
音有る,25
理解頂く,25
是正為る,25
離党為る,24
刊行為る,24
売り付ける,24
吹き飛ぶ,24
押し通す,24
出動為る,24
免除為る,24
消去為る,24
許可為る,24
挨拶為る,24
取り返す,24
体現為る,24
心引く,24
完済為る,24
常駐為る,24
出世為る,24
取得出来る,24
変換為る,24
解釈為る,24
誤解為る,24
流行為る,24
着替える,24
汗掻く,24
絶賛為る,23
比例為る,23
侵入為る,23
観戦為る,23
抗議為る,23
貸し出す,23
世話為る,23
講演為る,23
デジタル化為る,23
更生為る,23
乗り換える,23
生成為る,23
出荷為る,23
勝ち取る,23
転職為る,23
切断為る,23
突き刺す,23
推し量る,23
携帯為る,23
停車為る,23
立て直す,23
申し立てる,23
相談出来る,23
伝承為る,23
売り上げる,23
巡り会う,23
怒鳴る,23
運び込む,23
逆転為る,23
上映為る,23
直進為る,23
引用為る,23
開示為る,23
陥没為る,23
動作為る,23
這い上がる,23
温存為る,23
多用為る,22
変動為る,22
食い込む,22
振興為る,22
信用出来る,22
全滅為る,22
誇張為る,22
退社為る,22
襲い掛かる,22
咲き乱れる,22
握り締める,22
選択出来る,22
割り込む,22
申し上げる,22
差し伸べる,22
張り切る,22
買収為る,22
参画為る,22
席捲為る,22
続出為る,22
方教える,22
授与為る,22
融解為る,22
掻き立てる,22
認可為る,22
浄化為る,22
先制為る,22
対話為る,22
譲渡為る,22
両立為る,22
返済為る,22
管轄為る,22
練習為る,22
突き上げる,22
片思い為る,22
拡張為る,22
引っ掛ける,22
洗練為る,22
問い掛ける,21
昇格為る,21
食い違う,21
問い質す,21
色褪せる,21
運行為る,21
支出為る,21
解剖為る,21
色落ち為る,21
キャブ交換為る,21
心安らぐ,21
消滅為る,21
獲得出来る,21
食事為る,21
操作出来る,21
要望為る,21
強要為る,21
立ち止まる,21
寄り添う,21
真似出来る,21
留学為る,21
染み込む,21
御飯食べる,21
稼働為る,21
駆け巡る,21
暴行為る,21
加味為る,21
養成為る,21
冷え込む,21
遠慮下さる,21
片付く,21
制御為る,21
混ぜ合わせる,21
突き立てる,21
落下為る,21
苛立つ,21
破棄為る,21
誘導為る,21
具現化為る,21
工夫為る,21
是認為る,21
想像出来る,20
飛び散る,20
延長為る,20
活性化為る,20
意見交換為る,20
潜り込む,20
溶け込む,20
診察為る,20
溜め込む,20
当て嵌める,20
言い替える,20
言い返す,20
創立為る,20
行き詰まる,20
生活出来る,20
吸い込む,20
供述為る,20
漂流為る,20
詰め替える,20
錯覚為る,20
遣り残す,20
見知る,20
還元為る,20
思い遣る,20
交代為る,20
拉致為る,20
検査為る,20
処刑為る,20
増発為る,20
対抗出来る,20
引き込む,20
伸し掛かる,20
面談為る,20
精通為る,20
対決為る,20
暴露為る,20
言い放つ,20
気遣う,20
買い戻す,20
焼却為る,20
切り抜ける,20
噛み付く,20
救出為る,20
流用為る,20
躍り出る,20
解明為る,20
押し切る,20
予感為る,20
揺れ動く,19
括り付ける,19
乗り移る,19
年取る,19
復帰為る,19
乖離為る,19
契約為る,19
営業為る,19
差し引く,19
見破る,19
舞い下りる,19
締め括る,19
一変為る,19
隔離為る,19
達成出来る,19
絡み付く,19
幾ら掛かる,19
受諾為る,19
送付為る,19
言い募る,19
殆ど変わる,19
押し上げる,19
共存為る,19
集結為る,19
拠出為る,19
埋葬為る,19
保証為る,19
見受ける,19
一度読む,19
牽引為る,19
移転為る,19
引き延ばす,19
遮断為る,19
覗き込む,19
即買い為る,19
言い張る,19
遠退く,19
創刊為る,19
絶滅為る,19
添付為る,19
創出為る,19
旅行為る,19
入国為る,19
具体化為る,19
述べ立てる,19
歌手デビュー為る,19
改定為る,19
失礼為る,19
吹き込む,19
配属為る,19
再任為る,18
事書く,18
見学為る,18
伐採為る,18
言明為る,18
割り引く,18
増進為る,18
立証為る,18
救済為る,18
抜き去る,18
投下為る,18
捜索為る,18
駆り立てる,18
実効有る,18
二人居る,18
見入る,18
滲み出る,18
退屈為る,18
閉じ籠もる,18
返却為る,18
服用為る,18
見立てる,18
半分以上為る,18
集合為る,18
駆け出す,18
釣り合う,18
吐露為る,18
疑問視為る,18
享受出来る,18
消え去る,18
意気込む,18
鈍化為る,18
麻痺為る,18
賛同為る,18
御目見得為る,18
吊り上げる,18
編成為る,18
犇めき合う,18
押し退ける,18
喚起為る,18
呼応為る,18
一理有る,18
入所為る,18
集積為る,18
値下がり為る,18
腰掛ける,18
見え隠れ為る,18
考え出す,17
チェック出来る,17
突き出す,17
毒付く,17
提供出来る,17
出し合う,17
振り込み為る,17
ぽい捨て為る,17
切り分ける,17
着工為る,17
手術為る,17
幾ら貸す,17
告訴為る,17
向かい合う,17
下支え為る,17
振り向ける,17
立件為る,17
引き締まる,17
情報提供為る,17
渦巻く,17
停泊為る,17
願い出る,17
勝ち越す,17
注ぎ足す,17
少々愚鈍過ぎる,17
密輸為る,17
一体化為る,17
編入為る,17
撤廃為る,17
即応為る,17
破産為る,17
生まれ変わる,17
飛び下りる,17
頻発為る,17
返上為る,17
談笑為る,17
参列為る,17
直結為る,17
駆け上がる,17
蹴り飛ばす,17
昇天為る,17
今遣る,17
擬装為る,17
販売出来る,17
把握出来る,17
共生為る,17
劇場公開為る,16
行使為る,16
標準化為る,16
反芻為る,16
取り付く,16
引き立てる,16
現行犯逮捕為る,16
和解為る,16
接近為る,16
類似為る,16
突き落とす,16
押し進める,16
反映出来る,16
配達為る,16
動員為る,16
物色為る,16
抑留為る,16
入金為る,16
奪い合う,16
不正受給為る,16
見落とす,16
半減為る,16
連発為る,16
複雑化為る,16
節約為る,16
十年経つ,16
リラックス出来る,16
調和為る,16
分裂為る,16
齧り付く,16
肯定為る,16
分かち合う,16
見比べる,16
投げ掛ける,16
内蔵為る,16
復讐為る,16
出現為る,16
絶叫為る,16
萎縮為る,16
打開為る,16
解散為る,16
完治為る,16
ゲスト出演為る,16
勝ち上がる,16
制作為る,16
共謀為る,16
見捨てる,16
駆け下りる,16
走り去る,16
立ち返る,16
丸投げ為る,16
羽織る,16
見遣る,16
治癒為る,16
補足為る,16
料理為る,15
吹き飛ばす,15
再会為る,15
討論為る,15
散布為る,15
就職出来る,15
振り払う,15
判定為る,15
味付け為る,15
連想為る,15
共有出来る,15
入港為る,15
クリア出来る,15
到来為る,15
一元化為る,15
分散為る,15
控訴為る,15
買い換える,15
充当為る,15
気色ばむ,15
跳ね上がる,15
休止為る,15
珍重為る,15
呼び覚ます,15
手繰り寄せる,15
横断為る,15
出入り出来る,15
九日発表為る,15
出店為る,15
成し遂げる,15
分割為る,15
寝付く,15
流れ落ちる,15
合掌為る,15
送致為る,15
履修為る,15
引き替える,15
襲撃為る,15
繰り出す,15
曝け出す,15
闖入為る,15
介護為る,15
接種為る,15
分断為る,15
造成為る,15
必要有る,15
要約為る,15
纏め上げる,15
補給為る,15
承継為る,15
聞き返す,15
奨励為る,15
変身為る,15
決着為る,15
委嘱為る,15
引き攣る,15
評価出来る,15
進学出来る,15
言及為る,15
差し掛かる,14
引き返す,14
先発出場為る,14
推定為る,14
刳り抜く,14
因縁付ける,14
忍び込む,14
張り替える,14
処分為る,14
奔走為る,14
見通す,14
過ぎ去る,14
端折る,14
駆け回る,14
武装為る,14
引っ込める,14
遺伝為る,14
築き上げる,14
寄せ付ける,14
分離為る,14
名指し為る,14
所持為る,14
的中為る,14
私物化為る,14
相殺為る,14
操作為る,14
口籠もる,14
撤退為る,14
入れ替わる,14
執筆為る,14
転倒為る,14
掘り下げる,14
巻き付ける,14
屈折為る,14
降り注ぐ,14
往復為る,14
凍り付く,14
走行為る,14
退治為る,14
尽力為る,14
座礁為る,14
連れ去る,14
分類出来る,14
指向為る,14
割り当てる,14
除外為る,14
居た堪れる,14
昔見る,14
堅持為る,14
誘致為る,14
共同為る,14
見学出来る,14
付き添う,14
呆れ返る,14
寄付為る,14
インストール出来る,14
抱っこ為る,14
所管為る,14
勧告為る,14
開拓為る,14
書き下ろす,14
廃棄為る,13
静止為る,13
混同為る,13
取り揃える,13
押し潰す,13
選抜為る,13
開店為る,13
低減為る,13
追い出す,13
代わり映え為る,13
早死に為る,13
同梱為る,13
焼き払う,13
練り込む,13
詰め掛ける,13
振り撒く,13
破断為る,13
倒産為る,13
憂慮為る,13
値引き為る,13
其々助け合う,13
飛び越える,13
乗り上げる,13
引き入れる,13
再建為る,13
連載為る,13
同化為る,13
切羽詰まる,13
謳歌為る,13
転用為る,13
出会す,13
嘆息為る,13
提訴為る,13
試聴出来る,13
測定為る,13
控除為る,13
打っ掛ける,13
参入出来る,13
入り乱れる,13
断定為る,13
縁取る,13
掘り上げる,13
三人居る,13
連絡出来る,13
教育為る,13
住み着く,13
待機為る,13
入選為る,13
探知為る,13
退任為る,13
捜査為る,13
仕分ける,13
訂正為る,13
起き上がる,13
下手為る,13
聳え立つ,13
前述為る,13
三つ有る,13
直送為る,13
改称為る,13
見せ掛ける,13
逆行為る,13
下車為る,13
移送為る,13
飛び火為る,13
持ち合う,13
惜敗為る,13
腐心為る,13
生存為る,12
作り直す,12
調整出来る,12
ランキング登録為る,12
静まり返る,12
帰省為る,12
論議為る,12
勝訴為る,12
持ち掛ける,12
落選為る,12
吹き荒れる,12
昨日為る,12
併設為る,12
試算為る,12
喧嘩止める,12
海入る,12
強張る,12
実施出来る,12
見過ごす,12
膨張為る,12
立ち込める,12
物食う,12
公募為る,12
取り合う,12
一つ聞く,12
寝起き為る,12
一目置く,12
別居為る,12
起用為る,12
近付ける,12
探検為る,12
猶予為る,12
上場為る,12
完結為る,12
混在為る,12
訪ね歩く,12
皆遣る,12
売り歩く,12
循環為る,12
買い込む,12
配信出来る,12
流れ出す,12
撃退為る,12
執着為る,12
陣取る,12
同席為る,12
繰り上げる,12
送り付ける,12
安置為る,12
高騰為る,12
滞在為る,12
作用為る,12
一度見る,12
切除為る,12
高止まり為る,12
揉み消す,12
嵩張る,12
考察為る,12
面会為る,12
手助け為る,12
取り止める,12
連行為る,12
買い上げる,12
競い合う,12
抑圧為る,12
四年経つ,12
喧伝為る,12
思い当たる,12
掻き集める,12
強行為る,12
紐解く,12
腐敗為る,12
述懐為る,12
取り外す,12
吹き抜ける,12
口説く,12
心行く,12
辞退為る,12
新築為る,12
教え諭す,12
突き返す,12
奉公為る,12
最大限発揮為る,12
区切る,11
冷凍為る,11
拒絶為る,11
手続き為る,11
観測為る,11
登記為る,11
聞き比べる,11
維持強化為る,11
着込む,11
遣り繰り為る,11
回避出来る,11
大量発生為る,11
決議為る,11
盲信為る,11
コメント出来る,11
越境為る,11
飲み干す,11
察知為る,11
治療出来る,11
追跡為る,11
仮定為る,11
倍増為る,11
化粧為る,11
百五十万個増やす,11
掛け合う,11
売買為る,11
炸裂為る,11
無料配布為る,11
考え付く,11
改装為る,11
遂行為る,11
勿体振る,11
複数有る,11
熟知為る,11
閉幕為る,11
自首為る,11
北上為る,11
見返す,11
拭き取る,11
参戦出来る,11
燃え尽きる,11
命有る,11
送り届ける,11
奮闘為る,11
事欠く,11
威張る,11
取り掛かる,11
補填為る,11
擁立為る,11
出揃う,11
燃え立つ,11
吹き付ける,11
不貞腐れる,11
保持為る,11
加担為る,11
揶揄為る,11
悪戯為る,11
合流為る,11
一括為る,11
噴出為る,11
売り越す,11
間違い有る,11
成り上がる,11
承知為る,11
妨害為る,11
脱ぎ捨てる,11
二年連続為る,11
習得為る,11
演説為る,11
駐車為る,11
歩み寄る,11
係属為る,11
纏い付く,11
反落為る,11
荒れ狂う,11
逼迫為る,11
隣り合う,11
昨日投げる,11
構築出来る,11
持ち越す,11
商標登録為る,11
命名為る,11
迎え入れる,11
学習出来る,10
批評為る,10
二分熱する,10
披露目為る,10
絶縁為る,10
締め出す,10
調節出来る,10
浮き立つ,10
密売為る,10
炊き込む,10
執刀為る,10
密集為る,10
形振り構う,10
乗り入れる,10
返品為る,10
透き通る,10
値為る,10
一目惚れ為る,10
左折為る,10
旗揚げ為る,10
決心為る,10
膨れ上がる,10
叩き落す,10
参戦為る,10
持続為る,10
固執為る,10
中継為る,10
見放す,10
激怒為る,10
カバー出来る,10
飼育為る,10
生き延びる,10
追究為る,10
途絶える,10
苦心為る,10
振り上げる,10
対比為る,10
垂れ流す,10
長年遣る,10
承諾為る,10
自ら考える,10
潜入為る,10
精魂込める,10
ダウンロード出来る,10
恐縮為る,10
祝福為る,10
無視出来る,10
団結為る,10
敗北為る,10
担当出来る,10
批准為る,10
問い返す,10
競合為る,10
使い込む,10
写真取る,10
持ち合わせる,10
除去為る,10
侭別れる,10
一息吐く,10
打ち破る,10
痙攣為る,10
押し入る,10
見紛う,10
吸い取る,10
言い立てる,10
作り変える,10
追い越す,10
苦戦為る,10
煮出す,10
特化為る,10
躊躇為る,10
作業為る,10
一日掛ける,10
妥協為る,10
年々高まる,10
自慢出来る,10
近寄る,10
満足出来る,10
体感為る,10
応用出来る,10
交錯為る,10
設定出来る,10
連れ出す,10
解雇為る,10
欠乏為る,10
思い合わせる,10
枝分かれ為る,10
発音為る,10
外注為る,10
空飛ぶ,10
消化為る,10
総括為る,10
振り分ける,10
取り締まる,10
厳選為る,10
萌え出でる,10
魅力有る,10
参画出来る,10
零れ落ちる,10
顕在化為る,10
経済上独立為る,10
包装為る,10
返金為る,10
召し上がる,10
面倒見る,10
隠し持つ,9
発明為る,9
保全為る,9
発掘為る,9
育て上げる,9
見回る,9
算入為る,9
染め上げる,9
数年経つ,9
噛み合う,9
殆ど使う,9
発給為る,9
補佐為る,9
仕上がる,9
絡み合う,9
相殺出来る,9
通り掛かる,9
削り取る,9
抑制出来る,9
失踪為る,9
錯綜為る,9
回転為る,9
捻挫為る,9
発達為る,9
愚図る,9
緊迫為る,9
離脱為る,9
高揚為る,9
圧縮為る,9
一人殺す,9
吟味為る,9
転がり込む,9
学習為る,9
映し出す,9
手繰る,9
引き戻す,9
見越す,9
覆い被さる,9
退団為る,9
侭眠る,9
明け暮れる,9
行き交う,9
巻き起こす,9
規制為る,9
婚姻為る,9
入場為る,9
貢献出来る,9
取り押さえる,9
逃走為る,9
賠償為る,9
追随為る,9
担ぎ出す,9
維持出来る,9
値上がり為る,9
油断為る,9
閉塞出来る,9
封じ込める,9
着服為る,9
忍び寄る,9
閲覧出来る,9
代替為る,9
嘲笑う,9
上乗せ為る,9
主宰為る,9
立ち上る,9
補導為る,9
引き分ける,9
先取り為る,9
束縛為る,9
否認為る,9
発散為る,9
抹消為る,9
浮き世離れ為る,9
動揺為る,9
書き上げる,9
花開く,9
張り巡らす,9
舞い上がる,9
楽為る,9
言い付ける,9
結婚出来る,9
呼び起こす,9
詫び為る,9
掻き回す,9
仕込む,9
居着く,9
収穫為る,9
聞き出す,9
一見為る,9
諮問為る,9
申し入れる,9
放り出す,9
申し出る,9
波打つ,9
減額為る,9
収納出来る,9
没頭出来る,9
持て成す,9
選任為る,9
使い分ける,9
持ち堪える,9
ＬＥＤ化為る,9
塗り込める,9
受容為る,8
取り直す,8
流入為る,8
回り込む,8
外出為る,8
追い求める,8
殆ど読む,8
突進為る,8
見抜く,8
顔為る,8
仕方有る,8
消耗為る,8
整理整頓為る,8
失速為る,8
自主回収為る,8
蔓延為る,8
留置為る,8
圧勝為る,8
助長為る,8
付着為る,8
工場生産為る,8
突き詰める,8
思い至る,8
反射為る,8
疾走為る,8
通告為る,8
食み出す,8
格闘為る,8
女性受け為る,8
見切る,8
読み解く,8
振り出す,8
十年延長為る,8
横切る,8
憤慨為る,8
呼び付ける,8
今回紹介為る,8
予想出来る,8
通じ合う,8
濃縮為る,8
合成為る,8
行き合う,8
横付け為る,8
出展為る,8
担保為る,8
点滅為る,8
熱狂為る,8
欠如為る,8
差し向ける,8
一泊為る,8
届け出る,8
導き出す,8
張り付く,8
改組為る,8
回想為る,8
立ち会う,8
防御為る,8
旅立つ,8
立脚為る,8
仕付ける,8
今居る,8
驚嘆為る,8
染め抜く,8
墜落為る,8
請求出来る,8
出直す,8
蹴散らす,8
銃撃為る,8
スタート出来る,8
侭温める,8
茶為る,8
酷似為る,8
劣化為る,8
物心付く,8
情報伝達為る,8
停滞為る,8
損為る,8
取り残す,8
栽培出来る,8
雇用出来る,8
発出為る,8
照合為る,8
有り付く,8
急回復為る,8
総合為る,8
削減出来る,8
差し押さえる,8
踏み固める,8
書き入れる,8
波及為る,8
代理受領為る,8
会話為る,8
言い残す,8
死後解剖為る,8
締め切る,8
加熱為る,8
飛び立つ,8
一人居る,8
形作る,8
塗り重ねる,8
先送り為る,8
投げ打つ,8
切り立つ,8
流れ込む,8
侭成る,8
決め付ける,8
仲直り為る,8
概観為る,8
長生き為る,8
実用化為る,8
編入学為る,8
製造販売為る,8
年為る,8
三基立てる,8
存続為る,8
切り返す,7
樹立為る,7
変色為る,7
身籠もる,7
飛び付く,7
追放為る,7
縫合為る,7
抜粋為る,7
外泊為る,7
納入為る,7
矯正為る,7
自任為る,7
仕事終わる,7
修正出来る,7
高齢化為る,7
迷惑掛ける,7
蹂躙為る,7
飛び出る,7
繁盛為る,7
全部捨てる,7
閉館為る,7
擁立出来る,7
弾圧為る,7
寄越す,7
所在為る,7
敗退為る,7
再燃為る,7
議員辞職為る,7
侭入る,7
食い付く,7
試作為る,7
展望為る,7
仰け反る,7
失墜為る,7
重ね合わせる,7
改善出来る,7
秘密めく,7
反抗為る,7
呼吸為る,7
試乗為る,7
惚れ込む,7
窺い知る,7
洗い流す,7
耳打ち為る,7
侭死ぬ,7
修得為る,7
内在為る,7
息巻く,7
復元為る,7
改造為る,7
開講為る,7
投入出来る,7
表現出来る,7
表出為る,7
立ち行く,7
夜出掛ける,7
他界為る,7
駆け上る,7
全部消える,7
加算為る,7
馬鹿げる,7
経営破綻為る,7
浮き上がる,7
事成る,7
反応出来る,7
完敗為る,7
修了為る,7
考え直す,7
立ち去る,7
脱却為る,7
突き進む,7
抱き抱える,7
天下る,7
統括為る,7
流布為る,7
見積もる,7
彫り込む,7
返答為る,7
満載為る,7
吹聴為る,7
徐行為る,7
予期為る,7
遺留為る,7
留保為る,7
否決為る,7
右クリック為る,7
擦り合わせる,7
十五日発表為る,7
出社為る,7
異動為る,7
釈放為る,7
主導為る,7
割り出す,7
従来想定為る,7
創造出来る,7
手配為る,7
乗り合わせる,7
電気付ける,7
包括払う,7
接種出来る,7
今有る,7
分布為る,7
泥濘む,7
真似る,7
牽引出来る,7
勢い付く,7
呼び戻す,7
乗り取る,7
出血為る,7
救援為る,7
割り入れる,6
混入為る,6
一年経つ,6
違い有る,6
随行為る,6
喜び勇む,6
掻き混ぜる,6
断ち切る,6
変貌為る,6
水増し請求為る,6
絞り込む,6
侵略為る,6
増幅為る,6
責め立てる,6
増設為る,6
一礼為る,6
一時中断為る,6
付け足す,6
思い悩む,6
訪米為る,6
作り置き為る,6
先取為る,6
嗅ぎ付ける,6
迷走為る,6
防除為る,6
暴走為る,6
通い合う,6
添削為る,6
拝借為る,6
編纂為る,6
徴用為る,6
伝送為る,6
公認為る,6
痴漢為る,6
在留為る,6
押し戻す,6
失神為る,6
審査為る,6
発案為る,6
罷り通る,6
流れ出る,6
一度繰り返す,6
流動化為る,6
復旧為る,6
同調為る,6
身構える,6
揉み合う,6
工面出来る,6
活用出来る,6
起動出来る,6
退去為る,6
結合為る,6
埋め立てる,6
返済出来る,6
限定販売為る,6
酸化為る,6
データーベース化為る,6
来店為る,6
避難出来る,6
上り詰める,6
熟成為る,6
賛同頂く,6
取り乱す,6
紛れ込む,6
追い払う,6
作製為る,6
重なり合う,6
洞察為る,6
追い回す,6
迎合為る,6
符合為る,6
殆ど見える,6
吐き捨てる,6
摘み食い為る,6
蔓延る,6
突き放す,6
渡仏為る,6
眠り込む,6
食い下がる,6
組み上げる,6
洗濯為る,6
生み育てる,6
履行為る,6
続発為る,6
積み増す,6
問題有る,6
二日経つ,6
メール催促為る,6
直撃為る,6
捜し回る,6
空輸為る,6
処理出来る,6
面接為る,6
鞭打つ,6
俯瞰為る,6
留任為る,6
露見為る,6
一週間掛ける,6
満ち満ちる,6
続落為る,6
押し当てる,6
突き倒す,6
糾弾為る,6
転記為る,6
傘差す,6
今行く,6
度重なる,6
植え替える,6
最近出る,6
表彰為る,6
子育て為る,6
給油為る,6
重用為る,6
殆ど出る,6
散乱為る,6
任命為る,6
考案為る,6
問い合わせ為る,6
閉塞為る,6
持て余す,6
辛抱為る,6
思い止まる,6
逸脱為る,6
事遣る,6
貯金為る,6
訴追為る,6
侵害為る,6
市販為る,6
闇体験為る,5
アピール出来る,5
打ち壊す,5
堪能出来る,5
封鎖為る,5
自立出来る,5
活力有る,5
四十五分経つ,5
感じ為る,5
社会化為る,5
思い知らす,5
出願為る,5
措置為る,5
降板為る,5
調教為る,5
避妊手術為る,5
残留為る,5
突き止める,5
没落為る,5
運動為る,5
逆算為る,5
散策為る,5
予測出来る,5
値下げ為る,5
拾い集める,5
就業為る,5
振り掛ける,5
振り翳す,5
行列為る,5
道行く,5
看病為る,5
採集為る,5
所蔵為る,5
両親共働く,5
特筆為る,5
貫き通す,5
目隠し為る,5
研ぎ澄ます,5
無力化為る,5
連絡下さる,5
投げ付ける,5
病院乗り取る,5
思い浮かぶ,5
思い切り弾く,5
缶汁ごと入れる,5
対処出来る,5
自画自賛為る,5
返り咲く,5
給付為る,5
黙り込む,5
洗顔為る,5
一回転為る,5
押さえ付ける,5
書き直す,5
一本化為る,5
了解為る,5
紛失為る,5
十倍楽しむ,5
拡散為る,5
今生きる,5
採決為る,5
一点取る,5
買い手控える,5
乱発為る,5
開港為る,5
植樹為る,5
退化為る,5
訳分かる,5
泥棒為る,5
感動出来る,5
共同制作為る,5
今持つ,5
横行為る,5
目論む,5
最大限発揮出来る,5
失血死為る,5
人間離れ為る,5
由来為る,5
安心出来る,5
体系付ける,5
詳述為る,5
垣間見る,5
打っ壊れる,5
引き連れる,5
移植為る,5
共同開発為る,5
事故る,5
否定出来る,5
落とし込む,5
付属為る,5
待ち構える,5
突っ伏す,5
思い返す,5
合算為る,5
撥ね上げる,5
公約為る,5
続行為る,5
寝泊まり為る,5
食い荒らす,5
冗談めかす,5
処置為る,5
開墾為る,5
熱凝固為る,5
惨敗為る,5
考え込む,5
差し当たる,5
引っこ抜く,5
一票入る,5
輩出為る,5
死去為る,5
卓越為る,5
専攻為る,5
人居る,5
盛り返す,5
断念為る,5
九十個発注為る,5
基本合意為る,5
口出し為る,5
駐留為る,5
水増し為る,5
復興為る,5
擁護為る,5
抹殺為る,5
公言為る,5
開花為る,5
体系化為る,5
甲斐有る,5
やくざ映画見る,5
共感出来る,5
何回見る,5
読み返す,5
注意下さる,5
了承下さる,5
並び立つ,5
見違える,5
援護出来る,5
命令為る,5
潜り抜ける,5
申告為る,5
退陣為る,5
引き手繰る,5
立ち尽くす,4
擦り付ける,4
立地為る,4
色付く,4
築き直す,4
遭遇為る,4
自ら進む,4
狙い澄ます,4
取り壊す,4
鉢上げ為る,4
出院為る,4
殆ど会う,4
踏み止まる,4
処遇為る,4
塗装為る,4
建立為る,4
改訂為る,4
左遷為る,4
断罪為る,4
送還為る,4
優遇為る,4
合致為る,4
前持つ,4
踏み締める,4
収縮為る,4
亡命為る,4
追求出来る,4
侭返る,4
平均為る,4
確認下さる,4
準拠為る,4
激励為る,4
発信出来る,4
種ごと加える,4
即位為る,4
埋没為る,4
自負為る,4
閲覧為る,4
引っ繰り返す,4
潜伏為る,4
照射為る,4
突っ走る,4
突き当たる,4
修復為る,4
改良為る,4
一斉提訴為る,4
最終判断為る,4
巻き取る,4
崩れ落ちる,4
着飾る,4
熱有る,4
声出る,4
囲い込む,4
合わせ持つ,4
歌い上げる,4
思い描く,4
登院為る,4
同棲為る,4
脱税為る,4
一読為る,4
下り立つ,4
払拭為る,4
献金要求為る,4
特定出来る,4
山積為る,4
抵触為る,4
貯蔵為る,4
活気付く,4
問題視為る,4
認識出来る,4
婚約為る,4
反撃為る,4
捨て去る,4
着弾為る,4
殆ど居る,4
参照下さる,4
成熟為る,4
調理為る,4
家宅捜索為る,4
打ち勝つ,4
射止める,4
収納為る,4
救い出す,4
生還為る,4
補正為る,4
積み立てる,4
鳴り響く,4
取り立てる,4
軽視為る,4
往来為る,4
見返る,4
加入出来る,4
文学為る,4
侭食べる,4
関連付ける,4
供養為る,4
折り曲げる,4
引っ越し為る,4
一度洗う,4
一夜明ける,4
普段使う,4
競り合う,4
飛来為る,4
大挙為る,4
溢れ返る,4
付加為る,4
考え合わせる,4
混迷為る,4
毎日繰り返す,4
入団為る,4
乗務為る,4
量産為る,4
年々進む,4
多数居る,4
毎年増加為る,4
涵養為る,4
夢膨らむ,4
一回散布為る,4
決断出来る,4
乗り継ぐ,4
踏ん張る,4
解体為る,4
感知為る,4
逆転優勝為る,4
全部見る,4
専念出来る,4
遣り過ごす,4
形容為る,4
擦り減る,4
書き立てる,4
思い詰める,4
為合う,4
十歳以上離れる,4
メンテナンス出来る,4
一度試す,4
百十九番為る,4
勘弁為る,4
品切れ為る,4
弁護為る,4
移管為る,4
老朽化為る,4
咀嚼為る,4
心為る,4
召集為る,4
飲酒為る,4
奪い去る,4
振幅為る,4
思案為る,4
帰属為る,4
最近増える,4
精査為る,3
暗示為る,3
計り知れる,3
刃向かう,3
一役買う,3
危惧為る,3
合法化為る,3
心弾む,3
太刀打ち出来る,3
口論為る,3
今思う,3
三分茹でる,3
頬被り為る,3
侭煮詰める,3
海外移住為る,3
画策為る,3
警備為る,3
追徴課税為る,3
缶汁ごと加える,3
速報為る,3
沸き上がる,3
参り為る,3
二人為る,3
死傷為る,3
弁明為る,3
九日分かる,3
程始まる,3
慢心為る,3
審議為る,3
勝負出来る,3
推測出来る,3
露呈為る,3
一致団結為る,3
入党為る,3
取捨選択為る,3
赤茶ける,3
丸写し為る,3
気化為る,3
勝ち残る,3
掘り起こす,3
算定為る,3
一件落着為る,3
発動為る,3
今見る,3
御覧為さる,3
接待為る,3
時間掛かる,3
居合わせる,3
咎め立てる,3
買い揃える,3
自己紹介為る,3
殆ど進む,3
過密化為る,3
成長出来る,3
切り替わる,3
志向為る,3
困難化為る,3
堆肥化為る,3
着回す,3
擦り込む,3
追い遣る,3
認め合う,3
居座る,3
借り入れる,3
代弁為る,3
目配せ為る,3
観光為る,3
対策為る,3
支え合う,3
政治利用為る,3
試着為る,3
挫折為る,3
四分加熱為る,3
客観視為る,3
暴発為る,3
創作為る,3
郵送為る,3
調節為る,3
練り上げる,3
似付く,3
舌足る,3
現場復帰為る,3
区別出来る,3
好感為る,3
発注為る,3
招集為る,3
清算為る,3
予防為る,3
虐待為る,3
寝惚ける,3
一皮剥ける,3
離散為る,3
右往左往為る,3
回し掛ける,3
煮込む,3
鑑賞出来る,3
播種為る,3
四捨五入為る,3
接岸為る,3
蹌踉く,3
複合化為る,3
嵌め込む,3
法人化為る,3
失望為る,3
沈み込む,3
発現為る,3
脅迫為る,3
事実上崩壊為る,3
振り絞る,3
航行為る,3
初期化為る,3
書き加える,3
殆ど有る,3
水羊羹持つ,3
噂為る,3
補修為る,3
長年連れ添う,3
摩耗為る,3
治り掛ける,3
繁殖為る,3
全額頂く,3
一言言う,3
風邪引く,3
欠落為る,3
手間取る,3
制作委託為る,2
面倒がる,2
殆ど無くなる,2
吸い出す,2
走り寄る,2
百八十度変わる,2
隠蔽為る,2
殆ど存在為る,2
秩序付ける,2
全面支援為る,2
内包為る,2
残業為る,2
師事為る,2
推奨為る,2
押し掛ける,2
蜻蛉返り為る,2
持ち歩く,2
飛び上がる,2
座り込む,2
展開出来る,2
発言出来る,2
開き直る,2
攪乱為る,2
伝授為る,2
貫通為る,2
植え付ける,2
食い入る,2
注視為る,2
渡米為る,2
仮植為る,2
精算為る,2
密封為る,2
泣き噦る,2
売り渡す,2
伸し上がる,2
贈与為る,2
協力出来る,2
損壊為る,2
見届ける,2
窒息死為る,2
尻込み為る,2
建築為る,2
没頭為る,2
修行為る,2
高値更新為る,2
応戦為る,2
製品化為る,2
朝起きる,2
片付け為る,2
一喜一憂為る,2
切り付ける,2
延長出来る,2
分岐為る,2
打ち殺す,2
調製為る,2
商品化為る,2
紹介出来る,2
実演為る,2
登板為る,2
創意工夫有る,2
登用為る,2
幾つ有る,2
収集出来る,2
様子見る,2
住み込む,2
投票為る,2
涙為る,2
餓死為る,2
事実上倒産為る,2
夜返る,2
居並ぶ,2
威嚇為る,2
張り出す,2
重症化為る,2
価値有る,2
給与為る,2
四枚溜める,2
受理為る,2
散見為る,2
炒め合わせる,2
和解出来る,2
追い抜く,2
発症為る,2
買い越す,2
刈り取る,2
手間要る,2
風化為る,2
勧誘為る,2
分別為る,2
沸き起こる,2
申告出来る,2
顕彰為る,2
衣替え為る,2
何回遣る,2
台頭為る,2
一区切り付ける,2
侭給油為る,2
燃焼為る,2
着崩す,2
仕返し為る,2
成就為る,2
撤収為る,2
利活用為る,2
飛翔為る,2
換算為る,1
三枚買う,1
二種類有る,1
地域カーン博士責任認める,1
千八百円出す,1
民営化為る,1
参拝為る,1
跋扈為る,1
範示す,1
雪掻き為る,1
後凍る,1
停電為る,1
皆知る,1
電話入れる,1
同意確認為る,1
悪意有る,1
戦力分析為る,1
幾ら遣る,1
ネット販売為る,1
一万三千八百円贅沢為る,1
人生掛ける,1
後待つ,1
一生離す,1
芽吹く,1
一人来る,1
手紙待つ,1
大笑い為る,1
押印為る,1
焼死為る,1
内政干渉為る,1
母さん許す,1
携帯掲げる,1
店長初め主立つ,1
作業依頼為る,1
殆ど出来る,1
自爆為る,1
三日行う,1
下拵え為る,1
振り切る,1
乗り変わる,1
三週間掛かる,1
衰退為る,1
一時停止為る,1
侭値下がり為る,1
理念踏まえる,1
御握り食べる,1
予知為る,1
迷惑オア心配掛ける,1
早期釈放求める,1
寄宿為る,1
密林チェック為る,1
護送為る,1
瞬間忘れる,1
鍵変える,1
九千四百五十円掛かる,1
無事録画出来る,1
接着為る,1
受け渡す,1
殆ど遣る,1
判断下さる,1
受給為る,1
理由有る,1
一昨日発見為る,1
事全て教える,1
採血為る,1
願い事為る,1
十二年間調べる,1
十分程度散歩為る,1
数百メートル戻る,1
覚醒剤撲滅作戦容疑者千六百十二人殺害為る,1
書き残す,1
朝焼く,1
死滅さす,1
三万近く引く,1
焼き付く,1
旅行く,1
来月早々転院為る,1
返信為る,1
更新頑張る,1
英語頑張る,1
損傷為る,1
水洗い為る,1
強奪為る,1
白状為る,1
太刀打ち為る,1
洗脳為る,1
無駄遣い為る,1
転売為る,1
ボランティア活動為る,1
舞い込む,1
一台居る,1
今日見付ける,1
週一度話す,1
十一月二十八日オープン為る,1
液体ガス使う,1
名字間違える,1
声出す,1
時間足留め為る,1
再度行き直す,1
普通取る,1
今日頑張る,1
笑顔見せる,1
上向く,1
最近アクセル踏む,1
一点設ける,1
今日出来る,1
加減行く,1
急伸為る,1
過食走る,1
大量失点為る,1
色出る,1
奴買う,1
出塁為る,1
盗み食い為る,1
盛り付ける,1
赤飯見る,1
数分保温為る,1
五焚く,1
例外扱い為る,1
通院出来る,1
今年三月和解為る,1
二点追加為る,1
侭引退為る,1
先頃亡くなる,1
曲練遣る,1
裏返す,1
投影為る,1
状態維持為る,1
基礎為る,1
倍音鳴る,1
ピッチ合わせ遣る,1
二時間パート練遣る,1
毎日走る,1
給油ガン抜く,1
今年再刊為る,1
部分運休為る,1
洗濯物干す,1
ドリフト出来る,1
共同受賞為る,1
初心者向け過ぎる,1
朝注文為る,1
学校行く,1
五分間遣る,1
侭走る,1
今日気付く,1
豆大福我慢出来る,1
破産宣告為る,1
教示下さる,1
キャンプ場教える,1
煮崩れる,1
衝動来る,1
零．二ポイント下方修正為る,1
一度沸騰為る,1
結局目玉焼き乗せる,1
伸長為る,1
下下りる,1
二度寝為る,1
六回起きる,1
数百メートル逸れる,1
二十四時間保温為る,1
受診出来る,1
レス付け合う,1
賛美為る,1
雰囲気成る,1
ノーネクタイ会見為る,1
近頃聞く,1
四時間騒ぐ,1
言い知れる,1
一回為る,1
開眼為る,1
二個食べる,1
毎日少量与える,1
自炊為る,1
右手入れる,1
所暴発為る,1
調理出来る,1
日頃十キロ走る,1
二十日投開票為る,1
最近飽きる,1
糸解ける,1
紳士面為る,1
新咲仕様アームウォーマー作る,1
英語話す,1
毎日為る,1
零．九ポイント上方修正為る,1
人集まる,1
交通整理為る,1
一個半食べる,1
勢揃い為る,1
二倍並べる,1
蹴り込む,1
棄権為る,1
乗せ替える,1
ニワニワさん保存為る,1
骨砕く,1
三十分掛かる,1
拳銃触る,1
ナガシマさん右手麻痺為る,1
接骨木さん始める,1
豆大福食べる,1
自給自足為る,1
漕ぎ進む,1
三十分歩く,1
二冊買う,1
枚数取る,1
スタイル維持為る,1
責任持つ,1
塵一つ見当たる,1
水中ウォーキング為る,1
期間居住為る,1
年間通す,1
落葉為る,1
漕ぎ出す,1
時間圧迫為る,1
激昂為る,1
以前交際為る,1
招待券頂く,1
十メートル離れる,1
役柄似合う,1
戯れ付く,1
受注出来る,1
一切答える,1
侭飛び込む,1
逆切れ為る,1
個人行動為る,1
偽造為る,1
三十シャワー為る,1
失望売る,1
今度リベンジ為る,1
送迎出来る,1
立証出来る,1
年々増える,1
実在為る,1
客さん居る,1
体引き締まる,1
際注意為る,1
後下がる,1
三十数年使う,1
薬貰う,1
一日経つ,1
汗引く,1
日焼け止め使う,1
四十日掛かる,1
一年中出荷出来る,1
風邪振り返す,1
味わい有る,1
以上太る,1
殆ど知る,1
再編為る,1
自由化為る,1
二部合わせる,1
経営強化狙う,1
批准出来る,1
大学病院分かる,1
物塗る,1
塵等有る,1
土壌埋め戻す,1
寝起き過ぎる,1
後別れる,1
自ら課する,1
利用下さる,1
二．三兆円分減らす,1
誹謗中傷為る,1
ブログ村登録為る,1
打診為る,1
嗽為る,1
上期中目指す,1
熱測る,1
発着為る,1
誤認為る,1
天上天下唯我独尊読む,1
延泊為る,1
倹約為る,1
事実上閉ざす,1
百六十五センチメートル有る,1
間会う,1
時食べる,1
二三文字打つ,1
撤収出来る,1
全て試食為る,1
真空パック為る,1
時間遣る,1
夕暮れ迫る,1
一望為る,1
絶対使用為る,1
三百三十一部屋持つ,1
方法知る,1
時飼う,1
繁殖出来る,1
痩せ細る,1
半ば透き通る,1
強打為る,1
再々有る,1
一度レントゲン取る,1
全摘為る,1
衰弱為る,1
心配要る,1
台移動為る,1
無人化為る,1
百万円掛かる,1
二枚重ねる,1
一つ出来る,1
欠航為る,1
発令為る,1
竹の子出る,1
今出る,1
譲渡出来る,1
中国ＧＤＰ景気引き締める,1
流し見為る,1
即答出来る,1
飯減らす,1
出撃為る,1
四年間付き合う,1
体系隠す,1
男好き為る,1
立ち塞がる,1
其々発給為る,1
接待受ける,1
切り直す,1
女性受ける,1
全て忘れる,1
急減為る,1
結局分かる,1
先日買う,1
所歩く,1
石像有る,1
草取り為る,1
甚平着せる,1
浴衣着る,1
共同所有為る,1
二杯飲む,1
扱き使う,1
以前付ける,1
百日間咲く,1
質問致す,1
四百メートル離れる,1
目高層化生む,1
打開成る,1
先週開く,1
薬物嗅ぐ,1
将来使う,1
打設為る,1
遅刻為る,1
一時帰国為る,1
暴れ足りる,1
殺菌剤撒く,1
二割以上目減り為る,1
貯蓄為る,1
一時国有化為る,1
株式売り出す,1
月々預ける,1
三人有る,1
今年プレー為る,1
三万円受け取る,1
酒飲む,1
十分置く,1
周り捕まる,1
一箇月積み重ねる,1
丸ごと買う,1
侭傷付く,1
侭連れる,1
二百回転前後下がる,1
自転車乗る,1
味付け教える,1
保存出来る,1
特集為る,1
前書く,1
上達為る,1
報告頂く,1
如何為る,1
実力テスト返る,1
六十五キロ有る,1
侭使用為る,1
証拠掴む,1
昨年三月暗殺為る,1
空爆為る,1
混迷続く,1
抉じ開ける,1
不正作出支払う,1
待ち伏せ為る,1
一年掛ける,1
グラニュー糖使う,1
迫力有る,1
電動ハンドミキサー使う,1
突っ込み入れる,1
万引き為る,1
無塩バター使う,1
四店舗有る,1
喉元過ぎる,1
一年以上経つ,1
水買う,1
一度洗浄為る,1
敷金返す,1
走行十二．七三キロ累積三十八．一キロ明日乗る,1
取り込み出来る,1
打っ飛ばす,1
着直す,1
一々拭く,1
一段落為る,1
今日辺り食べる,1
最近見付ける,1
買い求める,1
老若男女問う,1
昨日読む,1
毎回取り替える,1
限り繋がる,1
名称分かる,1
存在感有る,1
自ら切り離す,1
探り辿る,1
自ら切り開く,1
自ら求める,1
逃げ疲れる,1
直行為る,1
一応書く,1
突き動かす,1
三箇月以上持つ,1
二月頃頂く,1
紹介致す,1
揺り動かす,1
崩れ去る,1
据え置く,1
全て飲む,1
戯れ合う,1
意見待つ,1
混み合う,1
年がら年中咲く,1
引き裂く,1
安売り為る,1
監修為る,1
安売り見付ける,1
マツヤマ観光為る,1
種類有る,1
上り移る,1
日焼け知る,1
卵黄落とす,1
物惜しみ為る,1
店教える,1
風立つ,1
侭残る,1
緑溢れる,1
厳命為る,1
午前中行く,1
二分半加熱為る,1
白黒取る,1
十分以上待つ,1
入居出来る,1
零．五パーセント上昇為る,1
一時間半掛かる,1
六回行く,1
幾分読む,1
程度違う,1
二枚見える,1
十二回紹介為る,1
一生忘れる,1
感謝致す,1
二万五千ヒット達成為さる,1
ペース取り戻す,1
毎日叱る,1
衝立て一つ隔てる,1
牛丼食う,1
手紙受け取る,1
切望為る,1
訪問出来る,1
一度言う,1
三十パーセント増やす,1
明日止める,1
開催出来る,1
今日言う,1
一里足る,1
予定狂う,1
監督デビュー為る,1
先程質問為る,1
遣る気無くす,1
土曜出勤有る,1
一分有る,1
全部覆う,1
一度しゃくる,1
増設出来る,1
針掛かり為る,1
八十ギガバイト有る,1
再度検索為る,1
前回買う,1
複数人居る,1
形確認為る,1
経験者語る,1
一つ選択為る,1
選択対象増やす,1
由緒有る,1
自然淘汰為る,1
二着逆らう,1
恩返し為る,1
孵化為る,1
再興為る,1
一度登録為る,1
在庫有る,1
収蔵為る,1
全部消す,1
スプレー打っ掛ける,1
一度セーフモード起動為る,1
殆ど感染為る,1
食事出来る,1
侭向かう,1
野生化為る,1
フィギュア化為る,1
友情出演為る,1
書き込み確認為る,1
一度コピペ為る,1
商品成る,1
描き分ける,1
無線ＬＡＮ組む,1
昨日ナゴ球行く,1
二度楽しむ,1
代用為る,1
爆睡為る,1
六日発表為る,1
昔通る,1
地域密着為る,1
意気込み語る,1
深入り為る,1
雨降る,1
侭終わる,1
ウイルス感染為る,1
刺し殺す,1
破損為る,1
両親差す,1
送信出来る,1
手加減為る,1
刃折れ為る,1
振り下ろす,1
後断つ,1
全て選択出来る,1
録音出来る,1
並べ代える,1
義務化為る,1
上書きインストール為る,1
放題遣る,1
先行逃げる,1
大敗為る,1
書き込み為る,1
密漁為る,1
採取出来る,1
漁獲為る,1
放流為る,1
流通出来る,1
時覚える,1
四苦八苦為る,1
二十五日分かる,1
分断化為る,1
上院議員選始まる,1
休み為る,1
経験積む,1
毎日疲れる,1
大病為る,1
激突為る,1
頭部取れる,1
快走為る,1
実際全巻読む,1
指導監督為る,1
披露頂く,1
パキスタン入り為る,1
全員絶望視為る,1
応対為る,1
多数出場為る,1
以前入れる,1
最近気付く,1
最大書き込む,1
核心触れる,1
自作自演為る,1
ＰＣ停止為る,1
接続出来る,1
凱旋為る,1
ＯＶＡ化為る,1
一切出る,1
少々劣る,1
響き合う,1
今取り組む,1
二放る,1
旬打つ,1
前回作る,1
八十パーセント決まる,1
五個出る,1
再度連載為る,1
アンド頑張る,1
午前十一時四十分頃立ち寄る,1
現在使う,1
誘拐為る,1
遺棄為る,1
改竄出来る,1
改竄為る,1
七時間途絶える,1
検問遣る,1
三本有る,1
質問申し訳有る,1
首謀為る,1
昼間通る,1
電源切る,1
唯一行く,1
二往復為る,1
既成事実積み上げる,1
入れ直す,1
公開作品探す,1
練習ラウンド為る,1
感想書く,1
九見る,1
即日適用為る,1
三万円切る,1
発表会出る,1
十月二十七日ＤＶＤ出る,1
腰振る,1
判別為る,1
爆売れ為る,1
熟達為る,1
ロングラン上映為る,1
ローマ字化為る,1
毎週一回出演為る,1
一通り入る,1
議決為る,1
一度抜く,1
侭押し込む,1
歯応え残る,1
炊き上がる,1
一度考える,1
二万円以上為る,1
助け合う,1
爺ちゃん見る,1
助言為る,1
針打つ,1
三十年近く遣る,1
三本共揃う,1
格式張る,1
課税通知為る,1
開示出来る,1
証拠提出為る,1
毎日食べる,1
三営業日続伸為る,1
十八．五キロメートル降る,1
初優勝為る,1
移譲為る,1
何体居る,1
全容開示迫る,1
グランドツーリスモ四楽しむ,1
十三有る,1
侭行く,1
粉砕為る,1
導入求める,1
通り起きる,1
納税為る,1
前聞く,1
実際有る,1
街宣演説来る,1
風起こす,1
七．二ポイント増加為る,1
程度引き下げる,1
当日開票為る,1
元祖ヨコハマ七百七十七ＣＤＴＶ見る,1
緊急放送為る,1
熟睡出来る,1
視聴率取る,1
一度アップ為る,1
投票当選含む,1
最近知る,1
無事保護為る,1
レモン汁加える,1
二年続ける,1
死守為る,1
学生結婚為る,1
水遊び為る,1
今連載為る,1
大金払う,1
画像下さる,1
声為る,1
時々見る,1
今季二号本塁打為る,1
打ち崩す,1
毎日違う,1
イメージ出来る,1
失点為る,1
三立て為る,1
アベック本塁打為る,1
次見る,1
限り死ぬ,1
凡退為る,1
曲知る,1
バス釣り為る,1
時間稼ぐ,1
許し合う,1
以降雑感彼是リットル三十キロ走る,1
時間浴びる,1
平均十五パーセント引き下げる,1
運転停止為る,1
営業運転為る,1
肩肘張る,1
快諾為る,1
朝行く,1
寝違える,1
値段下がる,1
肉食う,1
ニュー板試す,1
布教活動為る,1
主砲アベック弾実る,1
検索掛ける,1
実際歌う,1
度忘れ為る,1
免許持つ,1
盆過ぎる,1
葉乗せる,1
友達面為る,1
刮げ落とす,1
答申為る,1
醤油回し掛ける,1
切り干し大根戻す,1
焼き海苔散らす,1
二枚並べる,1
孤立無援絶える,1
侭聞く,1
講習為る,1
公刊為る,1
今回驚く,1
三カード続ける,1
水揚げ為る,1
続投為る,1
異常発生為る,1
公言出来る,1
物真似為る,1
振り付ける,1
書類書く,1
どん引き為る,1
手当たり次第聞く,1
免許証出す,1
毎日見る,1
凱旋行進為る,1
歴任為る,1
四打差付ける,1
電話会談為る,1
早世為る,1
全て失う,1
五十五点収録為る,1
次狙う,1
昨日アップ出来る,1
十一済む,1
手作り為る,1
度掛かる,1
愛し合う,1
渡り合う,1
商用利用為る,1
彫り上げる,1
気品漂う,1
毎年開く,1
拾い出す,1
運び上げる,1
国民審査受ける,1
長期出張為る,1
三年使う,1
足運ぶ,1
納付書送る,1
生産終了為る,1
立ち竦む,1
何時頃届く,1
贅沢言う,1
安値見る,1
部屋荒れる,1
観念為る,1
今使う,1
差し控える,1
先使う,1
支給停止為る,1
鬩ぎ合う,1
拮抗為る,1
全額入金為る,1
即時入金為る,1
取っ捕まえる,1
馳走為る,1
鳴り潜める,1
貯金出来る,1
勝ち組成る,1
一科目取る,1
為止める,1
一時間掛かる,1
一通り覚える,1
システム確率為る,1
ボランティア登録為る,1
質素倹約為る,1
会場募金合わせる,1
能力有る,1
半分有る,1
統制為る,1
絡まり合う,1
標榜為る,1
紡ぎ合わさる,1
零．六ポイント上昇為る,1
十七日纏める,1
突き刺さる,1
項垂れる,1
馴れ合う,1
思い出奪う,1
危険過ぎる,1
仮オープン為る,1
正面切る,1
今日値上がり為る,1
金運用為る,1
前回十選挙区有る,1
四十三万世帯増える,1
一．二ポイント上昇為る,1
一年間滞納為る,1
硬化為る,1
無事終了為る,1
張り付け為る,1
原則合意為る,1
十四日分かる,1
機材搬出為る,1
二年以上有る,1
一日晴れる,1
寝直す,1
登記変更為る,1
垂れ込める,1
不正資金巡る,1
一時間試験監督為る,1
貼付為る,1
一日居る,1
キャラメル林檎蒸す,1
転入為る,1
終結為る,1
帰任為る,1
三万円取る,1
善戦為る,1
二回開く,1
閣僚集める,1
至急インストール為る,1
凌駕為る,1
三億円当たる,1
抑外注為る,1
列挙為る,1
国外退去為る,1
事前下調べ為る,1
今日出す,1
一箇月働く,1
一年間通う,1
極端過ぎる,1
金掛ける,1
一．五日稼働為る,1
ヤガシラ君違う,1
警護為る,1
元気為る,1
六年働く,1
無料開催為る,1
球乗り為る,1
押し流す,1
虻居る,1
引き合う,1
練り歩く,1
子供等練り歩く,1
三万三千世帯増える,1
全額負担為る,1
胸張る,1
転医為る,1
一箇月待つ,1
再開目指す,1
質問出来る,1
三百年近く持続為る,1
車止まる,1
ピックアップインカ帝国築く,1
調子乗り過ぎる,1
充電死ぬ,1
メンバー入り為る,1
急死為る,1
死産為る,1
撃墜為る,1
二打席連続見逃す,1
昼寝為る,1
今一つ勝つ,1
体張る,1
通り越す,1
番号通知為る,1
徹底解剖為る,1
打ち返す,1
ハイスコア更新為る,1
言い負かす,1
居直る,1
複雑骨折為る,1
机叩く,1
計算出来る,1
服従為る,1
一人上げる,1
本日出走為る,1
何時頃発売為る,1
一人上がる,1
三振為る,1
冊子作る,1
店長自ら遣る,1
タイヤ交換為る,1
時考える,1
代金支払う,1
内慣れる,1
クレーム引き取る,1
在庫為る,1
侭動く,1
皆さん諦める,1
先日水没為る,1
糞食らう,1
一つ言う,1
再現出来る,1
二枚出す,1
二個送る,1
融通利く,1
差出る,1
皆楽しむ,1
見舞い申し上げる,1
道外す,1
明日聞く,1
毎週驚く,1
異常終了為る,1
専用ＣＰＵ作る,1
武装解除為る,1
再建将来決める,1
予想当たる,1
突き抜ける,1
買い足す,1
テレビドラマ化為る,1
包丁女押し入る,1
操作性良し使う,1
二極化為る,1
他長引く,1
指導法生徒信ずる,1
人間慣れ為る,1
上げ下げ有る,1
時々出る,1
再興成る,1
指示待つ,1
噂有る,1
緊急逮捕為る,1
実際声聞く,1
六年乗る,1
侭表現為る,1
生乳生産三万トン突破祝う,1
買い物行く,1
西進為る,1
全て入れる,1
何度見る,1
裾分け為る,1
年数経つ,1
一括請求為る,1
侭帰宅為る,1
上向為る,1
経筋治療為る,1
平伏す,1
軽快為る,1
触診為る,1
今季加わる,1
秋見付ける,1
去年見付ける,1
絶対認める,1
生徒放り出す,1
今後共心有る,1
話し込む,1
昨年公表為る,1
カード決済為る,1
流通解禁為る,1
話し歩く,1
空気読む,1
敗訴為る,1
自分アピール為る,1
以上関わる,1
事投書為る,1
注文書記入願う,1
乱暴為る,1
嫌がらせ為る,1
古都描く,1
全額肩代わり為る,1
今回合併為る,1
オペラ化為る,1
朗読為る,1
期待感示す,1
楽観為る,1
体制変革為る,1
文句一つ言う,1
両日共行く,1
相対為る,1
塗り込む,1
見下げる,1
今回塗る,1
試走為る,1
一度設置為る,1
取り扱い出来る,1
地球光る,1
幸い為る,1
二十過ぎる,1
携帯持つ,1
勝利誓う,1
聴取為る,1
折り返す,1
日経ビジネス読む,1
貿易為る,1
規制緩和為る,1
三位来る,1
カスヤ郡ムナカタフィル団員招く,1
力餅買う,1
自ら主宰為る,1
努力有る,1
オール朝日フォトフェスティバル雨降る,1
去り行く,1
インターネット販売為る,1
整形外科見る,1
全て外れる,1
払い戻す,1
援護為る,1
元幹部書類送検馬券購入為る,1
十センチ積もる,1
一万部作成為る,1
住居為る,1
概ね完成為る,1
打ち付ける,1
毎日練習為る,1
二十四時間入居為る,1
万一発生為る,1
三年連続為る,1
便乗為る,1
スケート特訓為る,1
持ち戻る,1
点字表示為る,1
同時提供為る,1
観覧出来る,1
二時間空く,1
味方為る,1
二つ取る,1
輻湊為る,1
十万株保有為る,1
大別為る,1
支障有る,1
溶け出す,1
伝送出来る,1
受信出来る,1
貸し出し為る,1
三日間行う,1
出場巡る,1
侭待つ,1
一切展開出来る,1
全面施行為る,1
普通免許取得為る,1
居住出来る,1
キバ経由為る,1
早寝為る,1
一日昼寝為る,1
忌避為る,1
当日早起き為る,1
脱帽為る,1
八月行く,1
万一泊まる,1
委譲為る,1
ピストル心中為る,1
十年間勤務為る,1
デマ吹き込む,1
今後取り組む,1
上乗せ支援為る,1
味出す,1
選り分ける,1
参考ページ等教える,1
占有為る,1
一時減少為る,1
数回利用為る,1
百人増加為る,1
右折為る,1
潤い有る,1
維持保全為る,1
社会参加出来る,1
侭乗降出来る,1
二時間以上遅れる,1
アプローチ出来る,1
バリアフリー整備為る,1
途絶為る,1
即時送信為る,1
付帯為る,1
目的化為る,1
認証為る,1
人気有る,1
資源化為る,1
僻み入る,1
自ら委託為る,1
据え付ける,1
照り付ける,1
従来行う,1
吸着為る,1
御古着せる,1
可決成立為る,1
原則廃止為る,1
休廃止為る,1
染み付く,1
長期増分費用方式導入為る,1
皆さん慌てる,1
只今出品為る,1
値上げ以降据え置く,1
日中外相会談デモ被害謝罪応ずる,1
十二年連続為る,1
平成四年度以降連続為る,1
繰り上げ償還為る,1
五百二十五円掛かる,1
平成四年度末以降急増為る,1
統治為る,1
三週連続為る,1
早期終了為る,1
崩落為る,1
全力テロ恐れる,1
即決依頼為る,1
三度申し上げる,1
大勝為る,1
移り変わる,1
即決為る,1
多重化為る,1
原則届け出化為る,1
現在直面為る,1
看過為る,1
搬出為る,1
年以来行う,1
全面解除為る,1
道路整備為る,1
顔合わせ為る,1
三十分間有る,1
其々作成為る,1
所掌為る,1
等チェック為る,1
兼ね備える,1
切迫為る,1
競争力有る,1
共有化出来る,1
順守為る,1
全面移行為る,1
今取り消し為る,1
其々取り組む,1
十年保管為る,1
享有為る,1
十歳離れる,1
二年間前倒し為る,1
最近笑う,1
三使用為る,1
混合為る,1
生産出来る,1
先導為る,1
入札入る,1
七日発表為る,1
法人企業統計資金余剰五十兆円越す,1
布告為る,1
奮い立たす,1
摘み取る,1
十キロ離れる,1
語源教える,1
不在続く,1
程度満足為る,1
二十針縫う,1
代替わり為る,1
掻き穿る,1
模写為る,1
程度獲得為る,1
学歴化為る,1
殆ど負担為る,1
八迫り来る,1
二十九．八パーセント増加為る,1
握手為る,1
十歳若返る,1
赤熱為る,1
六十円上がる,1
二箇月間繰り返す,1
一部為る,1
為止む,1
飽き足る,1
三十九．三万人増加為る,1
立体化為る,1
撒き散らす,1
六．三パーセントポイント低下為る,1
六．二パーセントポイント上昇為る,1
高め合う,1
実験為る,1
十回挑戦為る,1
十回遣る,1
退色為る,1
二個掛け合わせる,1
四．一パーセント存在為る,1
重複為る,1
偽り飾る,1
鍛練為る,1
数回出演為る,1
逝去為る,1
七回開催為る,1
幹線盛る,1
便乗批判受ける,1
一キロ歩く,1
以外分かる,1
殆ど検出為る,1
在宅勤務為る,1
通勤減る,1
資金調達為る,1
模擬為る,1
吸入為る,1
為使う,1
発進為る,1
比較調査為る,1
毎回為る,1
集中制御為る,1
計測為る,1
規律為る,1
八年通う,1
自己陶酔為る,1
二万人下回る,1
霜降る,1
手当て為る,1
月澄む,1
統率為る,1
導入出来る,1
五月待つ,1
今知る,1
並行為る,1
忠告為る,1
合格為さる,1
一週間続ける,1
一日中付ける,1
殆ど解消為る,1
年々上昇為る,1
時間利用為る,1
今後共維持為る,1
官民上げる,1
特徴有る,1
概ね共通為る,1
分失う,1
充足為る,1
排尿為る,1
五パーセント減少為る,1
一．六歳上昇為る,1
弾力化為る,1
擦り寄る,1
出動出来る,1
容認出来る,1
ベンチ入り為る,1
今後共続く,1
匂い付ける,1
当面為る,1
七十三．五パーセント増加為る,1
似通う,1
公式訪日為る,1
泣き止む,1
押し破る,1
二十年以上続く,1
解き解す,1
再度行く,1
逆撫で為る,1
工事出来る,1
繰り延べ為る,1
以前一度訪れる,1
最近始まる,1
十三億円供与為る,1
包摂為る,1
風格漂う,1
現在行う,1
共同開催為る,1
強制断種為る,1
輸送為る,1
焼き上げる,1
消化出来る,1
上下為る,1
半年掛ける,1
試食為る,1
現在付く,1
近年高まる,1
三猫居る,1
反対出来る,1
多数空く,1
豚とろ肉入り煮込む,1
絶対入る,1
連携協力為る,1
二．五パーセント減少為る,1
分解吸収出来る,1
一度食べる,1
二倍為る,1
併行為る,1
尻尾振る,1
別途協議為る,1
全部飛ぶ,1
自社開発為る,1
メール配信為る,1
観察為さる,1
警報為る,1
室内飼い為る,1
相互通報為る,1
定植為る,1
其々締結為る,1
大暴れ為る,1
排泄為る,1
今付く,1
収入為る,1
落札出来る,1
多数敢行為る,1
何時頃為る,1
現在想定為る,1
為評価出来る,1
無事届く,1
数十キロメートル以上離れる,1
見開く,1
繰り上げ出来る,1
時間貸す,1
罷免為る,1
仲介為る,1
斡旋為る,1
息衝く,1
送料半額負担為る,1
出品物見る,1
今捕まえる,1
開始出来る,1
予見為る,1
戦後六十年経つ,1
尋問為る,1
侭核家族化為る,1
入金頂く,1
電波漏れ為る,1
三日間待つ,1
謝金為る,1
大勝出来る,1
一度質問為る,1
有り金全部回収為る,1
動作確認為る,1
動作確認致す,1
修理清掃為る,1
一定期間滞在為る,1
自ら考案為る,1
調達出来る,1
応札為る,1
審訊為る,1
陳述為る,1
毎日三十年近く遣る,1
現在持つ,1
将来持つ,1
入金有る,1
契約出来る,1
補充出来る,1
以上述べる,1
質問削除為る,1
特許登録為る,1
事実上容認為る,1
警告為る,1
状況削除為る,1
自動車用ガソリン機関追加為る,1
修理為る,1
今日発送為る,1
独占配信為る,1
彩色為る,1
商品落札為る,1
裁定為る,1
断り為る,1
送達為る,1
一円出品為る,1
泥沼化為る,1
自ら行う,1
嘱託為る,1
年々拡大為る,1
三十六講座設置為る,1
情報発信為る,1
探求為る,1
二度有る,1
造形為る,1
飛躍為る,1
返送為る,1
負け越す,1
一常傭就職為る,1
一度提出為る,1
一割居る,1
経験有る,1
一日空ける,1
殆ど書き直す,1
退職致す,1
月九万有る,1
十点付加為る,1
月給幾ら以上頂く,1
一日一回ログイン為る,1
連絡頂く,1
コーヒー何本飲む,1
騒ぎ立てる,1
ストレッチ体操為る,1
擦り減らす,1
辞書登録登録為る,1
人エッチ為る,1
以前使う,1
終電送る,1
普通売る,1
切り裂く,1
一年通す,1
取り締まり為る,1
殆ど失う,1
一点引く,1
過ぎ行く,1
二時間掛かる,1
時々散策為る,1
スタメン起用為る,1
ドラゴンクエスチョン解雇為る,1
商品有る,1
一定期間経過後削除為る,1
結局二十年間為る,1
風俗行く,1
縊り出す,1
屹立為る,1
一時下落為る,1
撫で回す,1
吸い付く,1
為教える,1
全て書く,1
場所知る,1
殆ど記録為る,1
一々住所確認為る,1
送り先教える,1
住所書く,1
五十万勝つ,1
子居る,1
今度試す,1
開設為さる,1
知恵袋遣る,1
回答頂く,1
住み替える,1
凝視為る,1
定員割れ為る,1
唾掛ける,1
泡立てる,1
編裏技探す,1
エッチ出来る,1
侭放置為る,1
焼餅焼く,1
実際遊ぶ,1
全て感ずる,1
当惑為る,1
十五パーセント有る,1
百年間掛ける,1
充実強化為る,1
四．四パーセント増加為る,1
申し込み為る,1
雇い入れる,1
就労為る,1
受講出来る,1
同時開催為る,1
十四年十二月二十四日閣議決定為る,1
復路合わせる,1
五十以上有る,1
六十分掛かる,1
低床化為る,1
毎年実施為る,1
年度調査為る,1
主唱為る,1
一キロメートル走る,1
数字計算為る,1
保育為る,1
容赦下さる,1
三安心為る,1
二責任有る,1
減殺為る,1
協議離婚為る,1
当初見込む,1
一ヘクタール以上有る,1
特色有る,1
毎月一回キャッシュバック為る,1
周知徹底為る,1
年度検証為る,1
対策期間中安定為る,1
時々有る,1
ハリケーン被害伝わる,1
送金出来る,1
四年連続優勝為る,1
同封為る,1
肥飼料化為る,1
初心忘れる,1
ストック積み増す,1
片方捨てる,1
勘繰る,1
増強為る,1
指数化為る,1
九十九年六月以降改善為る,1
四つ作る,1
吊り上げ為る,1
七トウキョウ湾岸集まる,1
三四半期連続為る,1
縮減為る,1
十パーセント削減為る,1
二勝為る,1
実質保有為る,1
二以上残す,1
営巣為る,1
侭調整過程入り為る,1
概ね終了為る,1
代読為る,1
一元管理為る,1
媒介為る,1
生育為る,1
押し下げる,1
小魚目掛ける,1
二週間以上経つ,1
下押し為る,1
前倒し還付為る,1
撤去為る,1
程度払拭為る,1
今後見極める,1
今後長期化為る,1
入札依頼為る,1
メール発信為る,1
還流為る,1
保衛為る,1
保障出来る,1
歌い継ぐ,1
二隻建造為る,1
五パーセント削減為る,1
ＣＯＰスリー以降開催為る,1
出品出来る,1
最近言う,1
現在実施為る,1
十．五円掛かる,1
検定為る,1
公証為る,1
機械化出来る,1
活躍出来る,1
最大限自制為る,1
先日落札為る,1
発刊為る,1
三パーセント支払う,1
集荷為る,1
其々派遣為る,1
乾燥処理為る,1
飼料化為る,1
代わり為る,1
通信販売為る,1
再生利用為る,1
セメント原料化為る,1
演じ分ける,1
表示出来る,1
二回質問為る,1
今日落札為る,1
作成出来る,1
抑止為る,1
嘘言う,1
数週間待つ,1
百万円当たる,1
策定含む,1
其々設ける,1
受検為る,1
復学為る,1
額面指定等為る,1
給貸与為る,1
年二回開催為る,1
画定為る,1
内容等交渉為る,1
二回落札為る,1
組織替え為る,1
名称変更為る,1
十年間継続為る,1
立ち至る,1
二十年経つ,1
加重平均為る,1
次点繰り上げ為る,1
出品設定為る,1
二以上取得為る,1
三．六ポイント上昇為る,1
二．一ポイント低下為る,1
娯楽性熟知為る,1
一．四ポイント低下為る,1
六十五人増加為る,1
男女共遊ぶ,1
二．零ポイント低下為る,1
一人増加為る,1
一．八ポイント上昇為る,1
スピード感溢れる,1
再度メール為る,1
奏功為る,1
言い訳為る,1
再度十．五円掛かる,1
概ね対応為る,1
従事出来る,1
六パーセント減らす,1
渡航為る,1
意気投合為る,1
喉切る,1
二本共見る,1
落ち延びる,1
振り返す,1
全て諦める,1
云々言う,1
観賞致す,1
迷惑がる,1
称賛為る,1
一応生きる,1
顔拝見為る,1
電話掛かる,1
研修有る,1
スポーツ紙買う,1
ジャニ勉見る,1
協力頂く,1
日本語分かる,1
一切関係有る,1
参考書買う,1
体縛る,1
メール出来る,1
其々見る,1
神様有る,1
三十分続く,1
凍て付く,1
五歳以上離れる,1
ＷＳ予約為る,1
後退り為る,1
余裕有る,1
事考える,1
買い受ける,1
脚持て余す,1
互い分かる,1
学会終わる,1
時代越える,1
保育士さん慌てる,1
再発為る,1
垂れ下がる,1
明日絶対後悔為る,1
精一杯生きる,1
今度会う,1
処罰為る,1
態度取る,1
下駄揃える,1
風揉む,1
五歳離れる,1
一つ更新為る,1
髪切る,1
勝ち進む,1
無事終える,1
仕事上外す,1
休職為る,1
毎週見る,1
参加者為る,1
一度登場為る,1
訪韓為る,1
一品付ける,1
人身売買受け入れる,1
一つ増える,1
三種類買う,1
日本返る,1
携帯買う,1
精一杯頑張る,1
顔見る,1
一年付き合う,1
事遊ぶ,1
祈り致す,1
干渉為る,1
事愛する,1
絶対付き合う,1
当たり負け為る,1
握り潰す,1
支え受ける,1
募集頑張る,1
予選敗退為る,1
出場出来る,1
摂取出来る,1
首締める,1
今朝コーヒー飲む,1
減退為る,1
意見済む,1
新聞見る,1
一昨日決まる,1
組み分ける,1
申し伝える,1
味見為る,1
読経為る,1
回収備蓄出来る,1
交際為る,1
七十五歳引き手繰る,1
設置出来る,1
焼き付ける,1
極秘扱い為る,1
右左折為る,1
実態訴える,1
帽子被る,1
一度裏切る,1
光輝く,1
侭置く,1
為出かす,1
言い触らす,1
無事返る,1
姑さん有る,1
全頭検査経る,1
書き込み見る,1
一発打つ,1
焼殺為る,1
蹴り入れる,1
一人同行為る,1
傍聴為る,1
点灯為る,1
発酵為る,1
三十越える,1
互い接する,1
十五日発売為る,1
大儲け為る,1
大量生産販売消費為る,1
送受信出来る,1
十二日発表為る,1
発振為る,1
意地焼ける,1
後片付け為る,1
集団下校為る,1
三百二十名在校為る,1
通学為る,1
賛成出来る,1
切磋琢磨為る,1
親馬鹿炸裂為る,1
皆採算合う,1
指導有る,1
耕作出来る,1
夫持つ,1
改革為る,1
四十五年掛ける,1
人格否定為る,1
見向く,1
国破れる,1
造反為る,1
受注拡大目指す,1
全党上げる,1
鞍替え為る,1
比例当選為る,1
焼き切る,1
千ミリリットル飲む,1
掴み取る,1
降り止む,1
年がら年中作る,1
昨日行く,1
今回スルー為る,1
心掴む,1
記念撮影為る,1
対話呼び掛ける,1
防犯心掛ける,1
ドウオウ人ワイド弱者守る,1
制止為る,1
一風変わる,1
結局見る,1
監査為る,1
掛け継ぐ,1
立て籠る,1
三個出来る,1
提案報告為る,1
草踏む,1
改善方法教える,1
一日中潤う,1
毎日飲む,1
全て盛り込む,1
霊夢たん書く,1
三度出国為る,1
離日為る,1
進路決める,1
毎日摂取為る,1
二回差す,1
画一為る,1
織り交ぜる,1
出国為る,1
登校為る,1
北朝鮮割り込む,1
煮詰まる,1
切り刻む,1
後行く,1
生え変わる,1
影潜める,1
病院行く,1
今度行く,1
味食べる,1
朝食べる,1
影響出る,1
共用為る,1
残業生活為る,1
再度発言為る,1
三日開幕為る,1
国防騒ぐ,1
劇家族愛描く,1
者同士慰め合う,1
半分参加為る,1
高跳び為る,1
体重増える,1
阿呆違う,1
不安分かる,1
後一年残る,1
進言為る,1
産卵為る,1
思い切り叫ぶ,1
掃除機掛ける,1
灸為る,1
二十五分待つ,1
一年残す,1
幻滅為る,1
揺れ合う,1
フクダ殿農潰す,1
疲れ来る,1
馳走食べる,1
障害有る,1
総合遣る,1
自制出来る,1
五箇月以上付き合う,1
瞼濡らす,1
強制為る,1
両方行く,1
手使う,1
総合リタイア為る,1
掻っ飛ぶ,1
恋見る,1
押し殺す,1
一時保護為る,1
言い回す,1
四キロ痩せる,1
赤面為る,1
両方有る,1
精一杯貢献為る,1
大騒ぎ為る,1
以来見せる,1
繁栄為る,1
組み入れる,1
一般財源化為る,1
払い除ける,1
低落為る,1
侭強行採決為る,1
民無視為る,1
国費食う,1
談合残る,1
人隠す,1
今度飲む,1
活動出来る,1
海水浴行く,1
電話番号ゲット為る,1
候補表明為る,1
鞍替え出馬為る,1
復活当選為る,1
デート出来る,1
美化為る,1
国作る,1
八年使う,1
取り置く,1
伯母ちゃん改める,1
カップ焼き蕎麦作る,1
時間有る,1
甘受為る,1
買い替え進む,1
修得出来る,1
今回実施為る,1
点数化為る,1
ファイル添付為る,1
逆言う,1
突出為る,1
吐き気為る,1
平成十四年度以降実施為る,1
無事出産為る,1
内下がる,1
二十一．八ポイント上昇為る,1
インターネット接続為る,1
共鳴為る,1
今回育成為る,1
程度使う,1
年々増加為る,1
軽量化為る,1
自分検査為る,1
入院生活為る,1
意味考える,1
利上げ為る,1
幸せゲット為る,1
登坂為る,1
今後上がる,1
内就職為る,1
見聞き為る,1
奴等見返す,1
暴言言う,1
革新為る,1
二つ握る,1
集成為る,1
複数化為る,1
赤ちゃん生む,1
毎月開催為る,1
店頭公開為る,1
発想為る,1
侭コピー為る,1
呼吸感ずる,1
最低限持ち歩く,1
組み付く,1
目移り為る,1
商品買い付ける,1
記録破る,1
常勤為る,1
期間二パーセント上回る,1
限り妊娠為る,1
過大評価為る,1
親馬鹿話聞く,1
物出す,1
出歩く,1
打ち放す,1
今日社会問題化為る,1
廃止出来る,1
二三日続く,1
為先般策定為る,1
本日給油為る,1
仕事残す,1
熟読為る,1
縛り付ける,1
安心下さる,1
排卵為る,1
一切省く,1
送付致す,1
以来更新為る,1
二年近く成る,1
昨夜外す,1
衛星打ち上げる,1
八割以上取る,1
返事下さる,1
付記為る,1
外国語表記為る,1
至急連絡為る,1
出し為る,1
与え合う,1
自ら得る,1
名詞化為る,1
自ら行動出来る,1
何時頃払う,1
使い惜しむ,1
一人付ける,1
更正為る,1
絶対喜ぶ,1
日取れる,1
一切謝る,1
大泣き為る,1
犯罪化為る,1
一々買う,1
さ一メートル足る,1
乱用為る,1
二十九件減少為る,1
二件増加為る,1
差し替える,1
大体三箇月前後保存為る,1
嫌気為る,1
元切り上げ受ける,1
取り調べる,1
小口分散為る,1
一本入れる,1
不正取り引き為る,1
三箇月跨がる,1
コントロール出来る,1
始動為る,1
半年分納入為る,1
築一年経つ,1
フクダスピーチ以来続く,1
許容為る,1
起草為る,1
絶対買う,1
一回百円追加為る,1
其々採択為る,1
プリントアウト出来る,1
キュウシュウ紀行悲しみ刻む,1
告示為る,1
専門分化為る,1
創造性溢れる,1
滅入る,1
二千四年度学生受け入れる,1
見晴らし台忘れる,1
五千円ギフト券呉れる,1
焼却処理為る,1
其々削減為る,1
立案為る,1
辞退申し上げる,1
大量生産為る,1
供給出来る,1
小便済ます,1
小便為る,1
八十二パーセント有る,1
減税補填債借り換える,1
輸入出来る,1
日々使用為る,1
均一化為る,1
覗き返す,1
分散化為る,1
一律十パーセント削減為る,1
近接為る,1
物食べる,1
見飽きる,1
粉唐辛子入れる,1
二三人知る,1
一箱買う,1
十箱以上有る,1
以前飲む,1
点有る,1
昨日更新出来る,1
飛び入り為る,1
並び称する,1
事言い合う,1
加熱調理為る,1
一反作る,1
願い為る,1
前見る,1
全て使用為る,1
首肯出来る,1
開館為る,1
同日発表為る,1
二分割為る,1
子供生む,1
家族家族家族文学通ずる,1
報時為る,1
内御腹空く,1
六十三人居る,1
風吹く,1
レコーディング出来る,1
吊る下がる,1
時間差出来る,1
二千万枚売れる,1
削除致す,1
消毒為る,1
訳有る,1
文句言う,1
毎年箱買い為る,1
下宿為る,1
再考為る,1
程度有る,1
利益飛ばす,1
購読為る,1
イスラエルガザ撤退求める,1
噛み砕く,1
軌道修正為る,1
昔働く,1
焼香為る,1
以前働く,1
家庭有る,1
喋り為る,1
一度行く,1
昨晩夕食終わる,1
メール寄越す,1
翌朝食べる,1
イスラエル兵合わせる,1
金払う,1
百四十五億円有る,1
一人助かる,1
多数来る,1
高齢化進む,1
育児為る,1
金スマ見る,1
再三言う,1
秒押す,1
溜め息出る,1
配布申し上げる,1
現在予測為る,1
授乳為る,1
盗聴為る,1
御覧頂く,1
溢れ出る,1
一発芸遣る,1
絆取り戻す,1
二万円持つ,1
拠り所見付ける,1
酔い潰れる,1
日経上昇来る,1
最後減らす,1
目玉親父ゲーム遣る,1
千回転越える,1
降り頻る,1
自信有る,1
肩並べる,1
互い育児頑張る,1
一日何回授乳為る,1
以上怒る,1
本音言う,1
売り残増える,1
息子言う,1
事祈る,1
十六年間続ける,1
合理化為る,1
アイチ県イチノミヤ市入り為る,1
冷凍保存出来る,1
目減り為る,1
百三十売る,1
就職活動為る,1
若干凹み有る,1
三日間ラウンド為る,1
三日間続ける,1
利確出来る,1
ＪＦＥ空売り為る,1
カワサキ三万三千株買う,1
結局直る,1
鞘寄せ為る,1
下押す,1
跳ね返す,1
人形並ぶ,1
前行く,1
気持ち分かる,1
空泳ぐ,1
貪り読む,1
為家族四人揃う,1
歯止め利く,1
今晩返る,1
吸引為る,1
一度入る,1
保育園通う,1
以前一度行く,1
理解下さる,1
事見付ける,1
入梅為る,1
埃積む,1
今日聞く,1
伝え残す,1
三時間掛ける,1
三回交代為る,1
三年持つ,1
長期保存為る,1
優待出す,1
廃業為る,1
無理起用為る,1
粽食べる,1
草叢揺らす,1
男居る,1
三つ紹介為る,1
加速度動作為る,1
色分け出来る,1
毎日あやす,1
其々訪日為る,1
崇拝為る,1
一切許す,1
神聖化為る,1
作付け為る,1
安定供給為る,1
丸二年経つ,1
追跡出来る,1
問い直す,1
二諦める,1
見透かす,1
管理出来る,1
仕組む,1
三十問作る,1
愛情表現出来る,1
遭遇出来る,1
時戦う,1
彼是頑張る,1
一人常駐為る,1
三つ合わせる,1
意見為る,1
絶望為る,1
回診為る,1
若干有る,1
没収為る,1
繋ぎ直す,1
修業為る,1
見咎める,1
有り触れる,1
圧排為る,1
五勝つ,1
光仰ぐ,1
現在追求為る,1
欠席為る,1
切り盛り為る,1
最大限上げる,1
就農為る,1
四十問作る,1
詮索為る,1
一時間余り経つ,1
好転為る,1
恫喝出来る,1
赤貧洗う,1
言い当てる,1
煮え滾る,1
隙有る,1
換算出来る,1
四百万人居る,1
収穫出来る,1
複数居る,1
繰り入れる,1
急浮上為る,1
自活為る,1
限り協力為る,1
十二返る,1
元気出す,1
五十人居る,1
交戦為る,1
五箇月経つ,1
背負わす,1
貧乏為る,1
二十二キャンサー暴走為る,1
見合わせる,1
不倫相手許す,1
仕舞い込む,1
二十トーラス考える,1
日頃使う,1
一匹十両為る,1
侭持ち込む,1
都会化為る,1
軽薄化為る,1
懇請為る,1
食い繋ぐ,1
調停離婚為る,1
出身為る,1
内職為る,1
学問為る,1
糊口為る,1
召し抱える,1
供出為る,1
八千部売れる,1
オール一本勝ち為る,1
映画デビュー為る,1
敵対為る,1
指弾為る,1
除籍為る,1
遊離為る,1
撤回為る,1
染み出る,1
突き崩す,1
数人居る,1
微笑為る,1
全て閲覧出来る,1
今日滅ぶ,1
日行く,1
先日伝える,1
与え返す,1
攻め落とす,1
狼狽為る,1
毎日通う,1
滞在費全て出す,1
一刀両断為る,1
二発打ち込む,1
昨年逮捕為る,1
看過出来る,1
為逮捕為る,1
為開発為る,1
安住為る,1
志望為る,1
狙い打ち為る,1
ドラマ化為る,1
暗号化為る,1
集中管理出来る,1
繋がり合う,1
当時遣る,1
一回消去為る,1
三回繰り返す,1
一ライセンス含む,1
全て取り込む,1
毎日行く,1
乱取り為る,1
切り売り為る,1
疎開為る,1
皆貰う,1
督励為る,1
叩き合う,1
弟子入り為る,1
慣例化為る,1
盾突く,1
併発為る,1
嘆き悲しむ,1
正座為る,1
徴兵為る,1
打ち捨てる,1
奮い立つ,1
工面為る,1
告げ口為る,1
迫り来る,1
君臨為る,1
駆け落ち為る,1
入隊為る,1
一つ紹介為る,1
間洗う,1
飢え死に為る,1
抱き起こす,1
雪崩れる,1
精一杯御洒落為る,1
入れ替わり立ち替わり遣る,1
命乞い為る,1
潰走為る,1
今右往左往為る,1
条件降伏為る,1
挽回出来る,1
明け渡す,1
時見付ける,1
転げ落ちる,1
生かし合う,1
皆駆け出す,1
浮き足立つ,1
滑り落ちる,1
飛び退く,1
撥ね飛ばす,1
疾駆為る,1
掃討為る,1
十七種三百五十万トン有る,1
打ち落とす,1
印刷出来る,1
タツヤ圧迫為る,1
言い捨てる,1
侭保存為る,1
流し込む,1
掌握出来る,1
予算化出来る,1
ホットフィックス全部当てる,1
入力出来る,1
丸一日掛かる,1
程度遣る,1
人間止める,1
今後有る,1
節約出来る,1
対面取材為る,1
肥大為る,1
摘出為る,1
二時間以上経過為る,1
振り替える,1
介入出来る,1
購買為る,1
侭過ぎる,1
一時間経つ,1
伝票起票為る,1
組織立つ,1
時々噛み合う,1
自動作成出来る,1
変性為る,1
励起為る,1
照射出来る,1
傷害為る,1
殆ど集積為る,1
起票為る,1
障害為る,1
伸展為る,1
数言う,1
都度スケジュール調整為る,1
全壊為る,1
為参入為る,1
転任為る,1
ムラヤマさん化為る,1
全て支配為る,1
一台組む,1
付随為る,1
併用出来る,1
百回実験為る,1
無線関係ベンチャー投資額推移過熱為る,1
特徴付ける,1
一年近く経つ,1
借り受ける,1
牛耳る,1
一つ実用化為る,1
軟化為る,1
当て込む,1
借用為る,1
味各種取り揃える,1
全部打ち込む,1
アップグレード出来る,1
時皆言う,1
数値測定出来る,1
無邪気過ぎる,1
結局足掛け一年以上掛かる,1
今始まる,1
盗み読み為る,1
並外れる,1
通常出来る,1
二台有る,1
弄くり回す,1
聞き流す,1
創出出来る,1
一組見掛ける,1
設立登記為る,1
固まり掛ける,1
絞り掛ける,1
切り下げる,1
上乗せ支払い為る,1
三分加熱為る,1
嫌々従う,1
回し入れる,1
二分茹でる,1
根掘り葉掘り聞く,1
一杯分加える,1
溶き解す,1
非難出来る,1
二分三十秒茹でる,1
侭使う,1
茹で上げる,1
一分浸ける,1
白炒る,1
一分三十秒加熱為る,1
一分加熱為る,1
口約束為る,1
侭止まる,1
一度傷付く,1
実戦配備為る,1
到達出来る,1
四千キロ有る,1
寝取る,1
成り済ます,1
十万人居る,1
三回訪問為る,1
集団自殺為る,1
後三年掛かる,1
恋愛為る,1
後述為る,1
終息為る,1
損害賠償請求為る,1
酷評為る,1
煮え繰る,1
全て答える,1
復縁為る,1
身の程知る,1
四分三十秒加熱為る,1
揉み込む,1
全部合わせる,1
合意出来る,1
時思う,1
皮肉めかす,1
結審為る,1
離婚出来る,1
履き替える,1
二人立つ,1
掻き取る,1
通訳為る,1
下拵え要る,1
養育為る,1
二つ置く,1
限り変わる,1
彼是引っ張る,1
眠り呆ける,1
一切食べる,1
転生為る,1
打ち消す,1
瞠目為る,1
二分一カップ取る,1
一本取り出す,1
時々交ぜる,1
二回交ぜる,1
数滴垂らす,1
準備出来る,1
特集食べる,1
全て合わせる,1
決定付ける,1
正視為る,1
身悶え為る,1
引き離す,1
空転為る,1
一騒ぎ為る,1
六本有る,1
毎週紹介為る,1
一頃囃し立てる,1
七万円為る,1
併売為る,1
進軍為る,1
殆ど空無化為る,1
血の道上げる,1
交通費掛かる,1
謁見出来る,1
押し立てる,1
デジタル接続為る,1
数ページ読み掛ける,1
名乗り出る,1
数知れる,1
先程取り上げる,1
熱り立つ,1
囃し立てる,1
押し払う,1
殆ど成す,1
ＴＶ出力出来る,1
二台並べる,1
移動中描く,1
見物成す,1
睡眠出来る,1
三台所有為る,1
九十センチメートル四方開く,1
引き合わす,1
車中泊為る,1
気張る,1
プロ化為る,1
スケッチ出来る,1
鯱張る,1
乱立為る,1
二台購入為る,1
失笑為る,1
二つ用意為る,1
四．三パーセント向上為る,1
冷笑為る,1
自認為る,1
九六零零インタビューシヅキアサト心洗う,1
刑事告発為る,1
突き下ろす,1
現金化為る,1
充満為る,1
半年以上隠蔽為る,1
黙認為る,1
打ち据える,1
体当たり為る,1
二間飛ばす,1
切り下ろす,1
一度倒す,1
投獄為る,1
切開為る,1
全身麻酔為る,1
三種類有る,1
健康パドック乳房再建手術切除為る,1
ミュージカル化為る,1
当地切る,1
心洗う,1
持ち去る,1
飛び退る,1
大口叩く,1
後一歩踏み出す,1
払い落とす,1
シモギョウ区ニシキヤマチ通りマツバラ上がる,1
空気漂う,1
肉有る,1
配合為る,1
今試す,1
自愛下さる,1
喜び申し上げる,1
聞き届ける,1
威圧為る,1
二年かまける,1
見物為る,1
一瞬見詰める,1
夜毎集う,1
現在暮らす,1
侭入れる,1
仕方御座る,1
毎日生活為る,1
通勤思い切る,1
受け合う,1
出没為る,1
通勤出来る,1
トライ出来る,1
以前遣る,1
大体話す,1
シーン別スタイル見せる,1
絶句為る,1
カラーオーダー出来る,1
時読む,1
収録出来る,1
愛用出来る,1
開け閉め出来る,1
キヨミズ買い為る,1
一着有る,1
一言添える,1
船目掛ける,1
泳ぎ出す,1
年代測定為る,1
全て絶滅為る,1
付言為る,1
小型化為る,1
矮小化為る,1
戦死為る,1
同伴為る,1
人並み外れる,1
着地為る,1
十メートル以上ジャンプ為る,1
擦り抜ける,1
検分為る,1
一日頑張る,1
一人選ぶ,1
遠出為る,1
試乗運転為る,1
皆覚える,1
日本全国旅為る,1
一つ遣る,1
期間設置為る,1
起居為る,1
五百万円以上掛かる,1
週末通う,1
乗馬始める,1
セット出来る,1
割愛為る,1
飲み歩く,1
泊まり為る,1
天体観測為る,1
天体望遠鏡積む,1
横転為る,1
貸し切る,1
包括為る,1
掻き鳴らす,1
大小十五個開く,1
一部搭載為る,1
去年一人入社為る,1
建造為る,1
帰港為る,1
一度乗る,1
取り回す,1
共招く,1
物着る,1
熟考為る,1
飛び去る,1
配り回る,1
走破為る,1
美談視為る,1
借金為る,1
電気使う,1
匂い漂う,1
貫入為る,1
遊び心溢れる,1
斜陽化為る,1
死に別れる,1
見誤る,1
遣り掛ける,1
一浪為る,1
二百五十軒有る,1
芸能界入り為る,1
ジャニーズ入り為る,1
染み入る,1
二三曲披露為る,1
意地悪為る,1
入信為る,1
二百万円有る,1
皆迷う,1
飛び起きる,1
水飲む,1
試行錯誤為る,1
石臼挽き為る,1
売り買い為る,1
煮炊き為る,1
カツ丼取る,1
仕立て上げる,1
橋有る,1
鳴動為る,1
泳ぎ疲れる,1
下卑る,1
突き立つ,1
見晴らす,1
撫で付ける,1
震撼為る,1
七回シュート為る,1
押し伏せる,1
多数依頼為る,1
一本取る,1
帰京為る,1
早起き出来る,1
二段跳ね為る,1
引っ繰り返る,1
桂馬為る,1
一路控える,1
絡み攻め為る,1
独り北叟笑む,1
製作出来る,1
早生き為る,1
侭送る,1
跳ね継ぐ,1
手抜く,1
四時間利く,1
写真家振る,1
毎朝届ける,1
電撃入籍為る,1
抱き上げる,1
昨年放映為る,1
一つ違う,1
昨年出演為る,1
一本入る,1
空撮為る,1
一部改正為る,1
侭優れる,1
物納為る,1
三十分遅れる,1
一切止める,1
捻出出来る,1
早起き為る,1
四諦める,1
面通し為る,1
一日潰す,1
加圧為る,1
捩じ曲がる,1
一周為る,1
群生為る,1
鼓舞為る,1
罵倒為る,1
参考人招致為る,1
モチヅキリサＮＨＫ反省為る,1
買い付ける,1
時間煮込む,1
下処理為る,1
一時間練る,1
一度高める,1
参加頂く,1
独走為る,1
殆ど残る,1
拘禁為る,1
生い茂る,1
夭折為る,1
苦笑為る,1
連れ帰る,1
帰藩為る,1
見聞為る,1
山歩き為る,1
六百四十二隠す,1
七八分掛かる,1
炎目掛ける,1
街行く,1
二軒挟む,1
ＮＨＫ反省為る,1
手慣れる,1
多数並べる,1
十年勤める,1
一軒一軒回る,1
嘗め上げる,1
摩り替わる,1
全部変える,1
引き払う,1
咲き誇る,1
七分焼く,1
休憩為る,1
夜泳ぐ,1
全て搭載為る,1
思い切り開く,1
叩き付ける,1
半分注ぐ,1
伝達出来る,1
殆どロス為る,1
湧出為る,1
ストローク出来る,1
制覇為る,1
二十パーセント拡大為る,1
選び取る,1
日々進歩為る,1
水着着る,1
指し示す,1
連射為る,1
七十七箇所有る,1
湧き出す,1
見計らう,1
ファッション一つ取る,1
測量為る,1
保存修理為る,1
一摘み入れる,1
一望出来る,1
五百円玉一つ渡す,1
築城為る,1
頂戴為る,1
塗り潰す,1
滑り込む,1
町割り為る,1
入部為る,1
事喋る,1
勝負有る,1
誘導出来る,1
総合化為る,1
満ち溢れる,1
舌舐り為る,1
入り組む,1
絞り出す,1
今言う,1
一々採点為る,1
大口開ける,1
啜り上げる,1
寝かし付ける,1
一度味わう,1
所触る,1
水洗い出来る,1
丸洗い出来る,1
五人分洗う,1
出し入れ為る,1
開き掛ける,1
専用為る,1
標準装備為る,1
事思う,1
肥大化為る,1
汗一つ掻く,1
身分有る,1
今頃利く,1
隠れん坊為る,1
身動き一つ為る,1
自惚れる,1
鏡見る,1
零落為る,1
侭窒息為る,1
射精為る,1
塞ぎ合う,1
殆ど聞こえる,1
挟み込む,1
立ち働く,1
性能住宅優れる,1
遣り込める,1
延着為る,1
喧嘩売る,1
絶対暴力振るう,1
売り買い出来る,1
全部読む,1
寿司屋遣る,1
血出す,1
灰皿有る,1
本当痩せる,1
出帆為る,1
店行く,1
皆集まる,1
最近喧嘩為る,1
数シリング盗む,1
話聞く,1
男化為る,1
初公開為る,1
皆乗る,1
撃沈為る,1
見せ合う,1
八箇月間待つ,1
以外居る,1
飼い慣らす,1
侭立ち竦む,1
妻子有る,1
辺り憚る,1
妥協知る,1
一切為る,1
這い出す,1
物知り振る,1
超過為る,1
喝采為る,1
捏ち上げる,1
背伸び為る,1
皆さん見る,1
構成等練る,1
立ち戻る,1
剥げ落ちる,1
喜び笑う,1
試し撮り為る,1
複数台有る,1
打ち拉ぐ,1
接眼為る,1
総浚い為る,1
航海為る,1
一人取り残す,1
深山商会買う,1
窮乏為る,1
失落為る,1
塗り固める,1
侭水着着る,1
皆荒廃為る,1
共用出来る,1
予言為る,1
開院為る,1
町中駆けずる,1
活字化為る,1
参照出来る,1
身震い為る,1
生前語る,1
触発為る,1
新築移転為る,1
大勢集まる,1
克服出来る,1
選び抜く,1
運び去る,1
煎じ詰める,1
絶対条件思う,1
一晩過ごす,1
後継為る,1
培養為る,1
一ドラクマ支払う,1
変わり行く,1
五十年以上経つ,1
情緒有る,1
二週間打つ,1
水漉し為る,1
啓発為る,1
不思議がる,1
十軒有る,1
絶対残す,1
飢え苦しむ,1
言い分ける,1
絶対来る,1
二本遣る,1
絶対見逃す,1
入り交じる,1
勢い有る,1
生長為る,1
入浴出来る,1
三年掛ける,1
一本一本植え込む,1
投げ捨てる,1
進級出来る,1
一喝為る,1
一段一段上る,1
当代切る,1
取り寄せる,1
招き入れる,1
飛び離れる,1
全て兼ね備える,1
全て決める,1
野趣溢れる,1
自ら作る,1
清涼感溢れる,1
強弁為る,1
殴り殺す,1
遣り潰す,1
殆ど書く,1
暗中模索為る,1
一捻り為る,1
一家揃う,1
打ち負かす,1
二十代以上続く,1
代々所有為る,1
現在服用為る,1
蒸散為る,1
上皮化為る,1
親子心中為る,1
拡大解釈為る,1
定住為る,1
押し垂れさせる,1
掻き出す,1
照り輝く,1
数え拾う,1
弱化為る,1
乗り回す,1
大笑為る,1
参考為る,1
交信為る,1
付き合い為る,1
一年以上寝かせる,1
突き砕く,1
解き放つ,1
袖振り合う,1
相乗り為る,1
投錨為る,1
一年遣る,1
一人一人吟味為る,1
離着陸出来る,1
聞き付ける,1
汗為る,1
融通為る,1
想定出来る,1
就航為る,1
乗務出来る,1
機種移行為る,1
離着陸為る,1
出土為る,1
寄せ合う,1
頭使う,1
獄死為る,1
現在生きる,1
一切通用為る,1
滑り下りる,1
一度決まる,1
二基立てる,1
請願為る,1
下付為る,1
有り余る,1
競り落とす,1
上梓為る,1
捜し当てる,1
全て整う,1
代作為る,1
嘆願為る,1
為設ける,1
桶持つ,1
塗り分ける,1
位置付く,1
残存為る,1
引き止める,1
一区切り為る,1
逆上為る,1
関わり合う,1
立て替える,1
暗記為る,1
水掘り当てる,1
今安定為る,1
干上がる,1
執筆出来る,1
週五日間働く,1
掘り当てる,1
礼言う,1
醸造為る,1
普通使う,1
一本足る,1
引き算為る,1
擦り傷作る,1
店出る,1
顔狙う,1
差し引き二万円払う,1
引き算遣る,1
一発殴る,1
罰金払う,1
殴打為る,1
弁護士雇う,1
調書取る,1
取り調べ受ける,1
格好付ける,1
自転車掛ける,1
泡吹く,1
悶絶為る,1
気絶為る,1
二万円払う,1
千三百十マイル有る,1
一個残る,1
一発入れる,1
戦争為る,1
本書く,1
道場通う,1
感性持つ,1
三つ作る,1
喧嘩買う,1
水羊羹食う,1
普通言う,1
飯食べる,1
映画見る,1
丼飯呉れる,1
拝聴為る,1
水羊羹貰う,1
引き剥ぐ,1
小便終わる,1
席立つ,1
仕事休む,1
人来る,1
時々作る,1
二三軒教える,1
今焼く,1
皆黙り込む,1
一瞬止まる,1
電話呉れる,1
下船為る,1
絞り取る,1
嫉妬為る,1
自由為る,1
波戸場目指す,1
一つ疑う,1
伸ばし掛ける,1
干涸びる,1
一日休む,1
昨日テレビ見る,1
幾ら取れる,1
侭殴る,1
今思い出す,1
殴り掛かる,1
前殴る,1
対談遣る,1
右見る,1
追突為る,1
彼是考える,1
鼻白む,1
直航為る,1
昨日交わす,1
侭喋る,1
盗み見る,1
一人残す,1
軍事占領為る,1
邁進為る,1
時間集中為る,1
殆ど飲む,1
昔有る,1
勢い余る,1
両雄並び立つ,1
漏れ伝わる,1
食べ歩く,1
交尾む,1
散財為る,1
深酒為る,1
振動為る,1
野球遣る,1
浣腸為る,1
心酔為る,1
一箇月掛かる,1
競り勝つ,1
三失点為る,1
マツイ戦争両雄並び立つ,1
内幕スクープ書く,1
一度打ち上がる,1
揉み解す,1
思い切り振り回す,1
大学出る,1
煮詰める,1
皮肉る,1
去年入社為る,1
以前付き合う,1
六年間暮らす,1
物申す,1
百回以上振る,1
着陸為る,1
一度打つ,1
期間滞在為る,1
為限る,1
数倍伸ばす,1
十人居る,1
現在有る,1
先日発表為る,1
大型化為る,1
皆反る,1
十二時間掛ける,1
一切起こす,1
溢れ出す,1
反復為る,1
三つ上げる,1
習慣付ける,1
方向転換為る,1
今後改善為る,1
回し込む,1
移行出来る,1
一歩踏み込む,1
一目見る,1
掻き分ける,1
次回触れる,1
一日中立つ,1
思い切り遊ぶ,1
二十歳離れる,1
三軒離れる,1
絶対出来る,1
其々違う,1
スポット散布為る,1
頃米糠置く,1
■■さん取り寄せる,1
呼吸出来る,1
云々為る,1
消え行く,1
皆真似為る,1
侭交ぜる,1
五日間置く,1
今後注目為る,1
二箇月間掛ける,1
皆違う,1
五六回遣る,1
葉面散布為る,1
皆開陳為る,1
耕耘為る,1
一施肥為る,1
世間知る,1
拭い取る,1
降り懸かる,1
戦後復興為る,1
開閉為る,1
曲げ伸ばし出来る,1
明治末期頃考案為る,1
低温化出来る,1
整枝為る,1
接ぎ木為る,1
十五グラム播種為る,1
研究開発為る,1
狙い通り発生為る,1
紛糾為る,1
竣功為る,1
買い漁る,1
弁済為る,1
計画認可後十年以上経つ,1
退会為る,1
発行出来る,1
二百億円近く集める,1
出っ張る,1
縫い込む,1
二時間掛ける,1
今一つブレーク為る,1
怒り狂う,1
枯渇為る,1
株式上場為る,1
過熱為る,1
卸売り為る,1
競売為る,1
多数存在為る,1
教え込む,1
売り捌く,1
時間持つ,1
多数養成為る,1
違い表示為る,1
一切存在為る,1
後程説明為る,1
百パーセント減資為る,1
回収出来る,1
メンバー登録為る,1
終わり頃出来る,1
方位包囲為る,1
縫い上げる,1
採寸為る,1
扱き下ろす,1
一回行う,1
今年選ぶ,1
悪乗り為る,1
凝固為る,1
面食らう,1
殆ど寝る,1
営業染みる,1
完備為る,1
一つ付け加える,1
人気衰える,1
噎せ返る,1
毎月天引き為る,1
照らし合わせる,1
程度出来る,1
捨象為る,1
前回解説為る,1
前回説明致す,1
一定期間存続為る,1
一本当たり五十回程度利用為る,1
使い回す,1
等変わる,1
毎日排出為る,1
固定化為る,1
ラーメン王改める,1
肉薄為る,1
彫琢為る,1
何日間掛かる,1
飛び乗る,1
甚振る,1
突っ掛かる,1
変形為る,1
全て倒す,1
二十ドル払う,1
南下為る,1
一瞬思う,1
二本注文為る,1
背負い込む,1
締め込む,1
二枚作る,1
抱き付く,1
大成為る,1
侭続ける,1
禿げ上がる,1
二本置く,1
九軒有る,1
透徹為る,1
二日滞在為る,1
語り起こす,1
二日居る,1
歓待為る,1
収容出来る,1
寸劇めく,1
分け入る,1
舌打ち為る,1
逃亡為る,1
押さえ込む,1
乗り捨てる,1
組み直す,1
組み合う,1
二人殺す,1
浮腫む,1
若作り為る,1
百五十キロメートル南下為る,1
渡り歩く,1
探索為る,1
今回取り上げる,1
戦後数年経つ,1
博捜為る,1
接収為る,1
魅惑為る,1
緘黙為る,1
進駐為る,1
出征為る,1
大勢生まれる,1
干し上がる,1
事寄せる,1
歌い踊る,1
今考える,1
開陳為る,1
解読為る,1
程度止む,1
組織化為る,1
傍観為る,1
排斥為る,1
当時発表出来る,1
断絶為る,1
盛り土為る,1
叱咤為る,1
二転三転為る,1
破顔為る,1
乱舞為る,1
帰化為る,1
大汗掻く,1
上り下り為る,1
現地採用為る,1
病死為る,1
焼き打ち為る,1
浮かれ踊る,1
暗殺為る,1
五年間延期為る,1
掻い摘む,1
有り明け灯す,1
砂持ち為る,1
掻き攫う,1
暴徒化為る,1
暫時迷う,1
投げ入れる,1
忘却為る,1
大体幾ら払う,1
現在払う,1
八注目為る,1
加減止める,1
今後提供為る,1
百三十四個有る,1
十五パーセント以上居る,1
毎月払う,1
回り回る,1
追撃為る,1
同二千億円引き下げる,1
二千年度比十五パーセント削減為る,1
一割以上落ち込む,1
陳列演出為る,1
残存出来る,1
継続出来る,1
破綻前引き下げる,1
前年殆ど動く,1
数含む,1
打ち払う,1
限り使う,1
書き留める,1
繋ぎ止める,1
全て遣る,1
迷い込む,1
換言出来る,1
呈示為る,1
安堵為る,1
本来売る,1
障子剥がす,1
実演販売為る,1
階層化為る,1
画面表示為る,1
全権委任為る,1
実証為る,1
敷設為る,1
事足りる,1
疲弊為る,1
訪ソ為る,1
強姦為る,1
一年待たす,1
予約取る,1
売り逃す,1
毎日報告為る,1
投書為る,1
格好為る,1
全部乗る,1
主立つ,1
渡欧為る,1
更迭為る,1
助兵衛為る,1
浸食為る,1
念願為る,1
自ら決める,1
手合わせ為る,1
風船括り付ける,1
四十過ぎる,1
磨り潰す,1
一度買う,1
当時議論為る,1
遣っ付ける,1
ボリューム陳列為る,1
デザイン出来る,1
狙い通り増える,1
両方利用出来る,1
毎晩催す,1
二十四時間対応為る,1
泣き崩れる,1
北叟笑む,1
訴求為る,1
一つ伸びる,1
悶死為る,1
増額為る,1
前年扱う,1
陳列変更為る,1
買い被る,1
敵視為る,1
老若男女関わる,1
絞殺以外有る,1
子会社化為る,1
散在為る,1
並べ直す,1
偵察為る,1
施工為る,1
十数メートル離れる,1
自白為る,1
指名手配為る,1
白骨化為る,1
概要固める,1
当時所有為る,1
責め殺す,1
看板色褪せる,1
組織上げる,1
オートロック化為る,1
回航為る,1
十数人居る,1
本格進出為る,1
就農出来る,1
葬り去る,1
業界切る,1
五回連載為る,1
原因為る,1
百年掛ける,1
晴れ上がる,1
脱皮為る,1
居流れる,1
連呼為る,1
使い古す,1
編み出す,1
交じり合う,1
目見透かす,1
補い合う,1
勇退為る,1
北面為る,1
安全誓う,1
四月登場為る,1
切り死に為る,1
織り込む,1
処断為る,1
理論付ける,1
拷問死為る,1
全て免罪為る,1
二百万人居る,1
上伸び為る,1
全て処刑為る,1
登城為る,1
急悪化為る,1
一掃為る,1
十億円押し上げる,1
五年間勤務為る,1
切り立てる,1
就任以来取る,1
軸足置く,1
弥増す,1
減衰為る,1
放擲為る,1
日出でる,1
意見具申為る,1
資金提供為る,1
参上為る,1
三連勝為る,1
右傾化為る,1
歯止め無くす,1
献金為る,1
二十万円以上購入為る,1
四人居る,1
八割近く増える,1
工作為る,1
千八百万円掛かる,1
固辞為る,1
追い返す,1
取捨為る,1
引き抜く,1
以後半世紀続く,1
上申為る,1
十日纏める,1
昨秋行う,1
紙切れ一枚持つ,1
牛肉買い取る,1
二十六時間二十五分掛かる,1
肌身離す,1
脱出出来る,1
二回往復為る,1
侭歩く,1
時持つ,1
出資出来る,1
一歩後退為る,1
無事運ぶ,1
待望為る,1
食らい付く,1
安定出来る,1
譲歩出来る,1
火照る,1
全部伸びる,1
退却為る,1
事実上合意為る,1
一時退却譲歩ライン示す,1
強気貫く,1
個別会談為る,1
意向尊重為る,1
法制化為る,1
三往復為る,1
幸福感溢れる,1
三回有る,1
一年先行為る,1
燃え上がる,1
国家公務員給与引き下げる,1
批判高まる,1
疑い強まる,1
韓国入り為る,1
四十点並べる,1
夢想為る,1
調査睨む,1
個性溢れる,1
理科離れ防ぐ,1
十五キロメートル離れる,1
全廃為る,1
十五有る,1
盥回し減る,1
ピストン輸送為る,1
全て尽きる,1
其々会談為る,1
混じり合う,1
テレビ中継為る,1
崩し掛ける,1
空気引き締める,1
無敗緩む,1
最長十二年間学ぶ,1
主題歌ＣＤ売れる,1
一回差す,1
明日返る,1
復帰出来る,1
三つ立ちはだかる,1
出廷為る,1
二分為る,1
究明為る,1
放心為る,1
足並み揃える,1
垂れ込む,1
証言崩す,1
コウベ入り為る,1
完勝為る,1
消し去る,1
三度打つ,1
満ち足りる,1
今春卒業為る,1
巻き上がる,1
三十一日夜テレビ演説為る,1
緊急着陸為る,1
一本吊り上げる,1
蹴り上げる,1
被り直す,1
魔物住む,1
一度和らげる,1
一匹有る,1
リーグ七試合含む,1
得点為る,1
尊崇為る,1
引き比べる,1
人々予期為る,1
抜き取る,1
一回交尾為る,1
一頭居る,1
纏め買い為る,1
宅配為る,1
使い余す,1
戻し入れる,1
病室分かる,1
為転院為る,1
場所忘れる,1
催促為る,1
帰社為る,1
日曜出勤為る,1
家裁送致為る,1
張り合わせる,1
七千億円増加為る,1
連結為る,1
炙り出す,1
今日挑む,1
回遊為る,1
三日続伸為る,1
コールド勝ち為る,1
幻想誘う,1
幾ら戻る,1
売り切れる,1
二羽居る,1
浚い為る,1
後程為る,1
一羽借りる,1
八十種居る,1
野蛮国扱い為る,1
静観為る,1
暴力貫く,1
分配為る,1
三度実施為る,1
間引き為る,1
底離れ為る,1
株式持ち合う,1
年一回開く,1
歓迎出来る,1
読み耽る,1
手書き為る,1
切腹為る,1
侭受け入れる,1
解消求める,1
調整登板為る,1
途中出場為る,1
三千二百箇所整備為る,1
零れ出す,1
生活目指す,1
移し替える,1
並べ入れる,1
身動き為る,1
発着出来る,1
申し訳御座る,1
一言断る,1
歌い掛ける,1
会話触れ合う,1
二三分待つ,1
氾濫為る,1
全て取得出来る,1
価格賠償為る,1
七人居る,1
林立為る,1
都トヤマ進撃止まる,1
沈黙為る,1
十六強都立勢姿消す,1
直訳為る,1
一時途絶える,1
回顧為る,1
生存出来る,1
安眠為る,1
主客転倒為る,1
触れ回る,1
品定め為る,1
年々変化為る,1
一本持つ,1
分割登記為る,1
繁雑化為る,1
全て取得為る,1
失敬為る,1
入場出来る,1
皆揃う,1
全て成り立つ,1
事業提携為る,1
繁茂為る,1
走り込む,1
並列為る,1
過去未来引っ括める,1
待ち焦がれる,1
耄碌為る,1
零れ出る,1
帰郷為る,1
抜け出る,1
切れ込む,1
競り負ける,1
二得点為る,1
寄贈為る,1
内部対立為る,1
誤り有る,1
十種類以上知る,1
降伏為る,1
頼み入れる,1
開国為る,1
殺戮為る,1
明有る,1
経営責任有る,1
ホシノ監督率いる,1
侭突っ走る,1
悩み苦しむ,1
競馬学盛り上がる,1
斬首為る,1
言葉有る,1
九十分遣る,1
許可使用為る,1
三．七キロオーバー為る,1
強制捜査為る,1
事情聴取為る,1
今回公開為る,1
愛読為る,1
自宅軟禁為る,1
叩き殺す,1
ぼろ儲け為る,1
滑空為る,1
入荷為る,1
料理出来る,1
心底驚く,1
改名為る,1
初演為る,1
爆殺為る,1
砂漠化為る,1
駄弁る,1
経験出来る,1
駆除為る,1
捕捉為る,1
四基打ち上げる,1
三十年以上生きる,1
死刑判決残す,1
棲息為る,1
四つ有る,1
一般公開為る,1
狩り出す,1
病院通う,1
取り引き出来る,1
威信回復狙う,1
指導出来る,1
六回ＴＫＯ勝ち為る,1
祈念為る,1
言い添える,1
全て見放す,1
多数出る,1
侭飛ぶ,1
沈没為る,1
四つ付く,1
規格統一為る,1
コシヅ葱キソ川恵む,1
包装出来る,1
アップ出来る,1
隠棲為る,1
自ら選ぶ,1
代々続く,1
今春纏める,1
変革為る,1
通達為る,1
不払い残業働く,1
建物含む,1
日常化為る,1
自ら管理為る,1
期間続ける,1
正常化為る,1
水平統合為る,1
自社生産為る,1
拡大出来る,1
応答為る,1
硬直為る,1
リンク出来る,1
何時間働く,1
転身為る,1
マッチング出来る,1
闇飲み為る,1
逆立つ,1
念押し為る,1
二人以上集まる,1
積極関与為る,1
歴訪為る,1
実際遣る,1
審査請求為る,1
扠置く,1
十八人居る,1
体外受精為る,1
中絶為る,1
一度体外受精為る,1
手掴み為る,1
瞬き為る,1
差別為る,1
留守番為る,1
高下為る,1
懇願為る,1
不正融資為る,1
減刑為る,1
上告為る,1
伝統有る,1
粗方分かる,1
ＳＡＲＳ患者八千人越す,1
ラーニング出来る,1
五十メートル以上ずれる,1
犠牲為る,1
一般化為る,1
現在発行為る,1
精密測定為る,1
区分け為る,1
五パーセント減る,1
世界水泳連覇狙う,1
三連覇出来る,1
巻き起こる,1
贅沢出来る,1
程度カバー為る,1
農業市場開放急ぐ,1
部有る,1
全て開示為る,1
フロント入り為る,1
全て隠す,1
演出出来る,1
一般語化為る,1
攻略出来る,1
明文化為る,1
豪語為る,1
遣り取り出来る,1
最大限活用為る,1
模様替え為る,1
日頃遣る,1
百八十度転換為る,1
徹底活用為る,1
聞き入る,1
侭捕まる,1
拘束出来る,1
仲間割れ為る,1
一声喚く,1
突き通す,1
突き出る,1
普段手作り為る,1
頽れ去る,1
蒸し上がる,1
一つ食べる,1
成型為る,1
押っ取る,1
聖書読む,1
毎日読む,1
何人来る,1
来月予定為る,1
取り縋る,1
紅潮為る,1
百万年近く孤立為る,1
差し迫る,1
狙撃為る,1
侭逃げ延びる,1
千二百点上乗せ為る,1
今回更新為る,1
十三．四パーセント減少為る,1
昨年集める,1
釈明為る,1
弾幕避ける,1
丸ごと全部食べる,1
原曲掛ける,1
一休み為る,1
本気出す,1
今乗る,1
持ち替える,1
山積み為る,1
改修為る,1
地響き立てる,1
打ち倒れる,1
介助為る,1
身柄拘束為る,1
結論付ける,1
走り抜ける,1
奪い返す,1
十代遡る,1
神格化為る,1
安堵感広がる,1
成仏出来る,1
十四日公表為る,1
三十分間行う,1
絶対遣る,1
三十秒以上収まる,1
侭拘束出来る,1
一切有る,1
乱射為る,1
程度持つ,1
引火為る,1
巡回為る,1
侭飲む,1
半ば為る,1
一口流し込む,1
一本買う,1
暗雲晴れる,1
思い沈む,1
根負け為る,1
進入為る,1
思い煩う,1
一切振るう,1
巡拝為る,1
保証出来る,1
長年修行為る,1
二度失敗為る,1
球場入り為る,1
座禅為る,1
徹夜為る,1
打ち立てる,1
彫刻為る,1
侭受ける,1
株式売り越す,1
昇華為る,1
塗り替える,1
三割減る,1
消費低迷続く,1
全て食べる,1
邂逅為る,1
不安視為る,1
指導要領越す,1
昨年実施為る,1
言付かる,1
本格実施為る,1
総合学習考える,1
誘い込む,1
日々変わる,1
三毛上回る,1
競争為る,1
右越え二塁打為る,1
喜び掛ける,1
掬い上げる,1
五十五本塁打為る,1
時交換為る,1
弾き出す,1
殆ど動く,1
待ち伏せる,1
時間待つ,1
張り詰める,1
陥落為る,1
乗り付ける,1
帰国出来る,1
被弾為る,1
尊厳有る,1
同時判定為る,1
戦争止める,1
今掛かる,1
申し合わせる,1
自供為る,1
現在保管為る,1
当時請け負う,1
五千万円不足為る,1
誘惑為る,1
自民ナガサキ献金事件知事選目的認める,1
侭返す,1
日本受け入れる,1
明治維新成る,1
熟練為る,1
辛勝為る,1
四百五十億円計上為る,1
島外脱出作戦始まる,1
全て任せる,1
払底為る,1
設備投資負担響く,1
八．一ポイント低下為る,1
九．八ポイント下回る,1
打ち合う,1
偶像化為る,1
捻り出す,1
焼き切れる,1
腫れ上がる,1
壊滅為る,1
整列為る,1
米軍訓練受ける,1
三時間過ぎる,1
撫で下ろす,1
侭進む,1
二百二億円計上為る,1
単位認定為る,1
十年間送る,1
現在進む,1
変異為る,1
噴火迫り来る,1
一人思う,1
一切使う,1
吹き上がる,1
転戦為る,1
限り為る,1
一つ実行為る,1
四十五人出る,1
急襲為る,1
時聞く,1
観測出来る,1
入賞為る,1
見失う,1
逃げ惑う,1
互い笑う,1
保留為る,1
励行為る,1
初登院為る,1
侭満喫為る,1
入会為る,1
政界復帰為る,1
携え帰る,1
抱き寄せる,1
今回返り咲く,1
辞職為る,1
初当選為る,1
取り違える,1
突っ撥ねる,1
遠望為る,1
実戦配備出来る,1
鎮送為る,1
同調示す,1
七十六万人増える,1
復党為る,1
毎年纏める,1
賛同出来る,1
絶対視為る,1
十二万人減らす,1
分析出来る,1
包み隠す,1
ビジネスモデル化為る,1
侭得る,1
稼ぎ出す,1
差し戻す,1
作り込む,1
降格為る,1
十一．一パーセント減少為る,1
標榜出来る,1
ドラマ低調続く,1
放送問う,1
降り積もる,1
十四．七パーセント減る,1
十一．三パーセント減る,1
繰り延べる,1
作成認める,1
一千億ドル以上塗り替える,1
問題解決出来る,1
遊興化為る,1
三箇所設ける,1
継ぎ足す,1
概ね達する,1
樹脂化為る,1
集い合う,1
二十年以上続ける,1
死滅為る,1
将来認める,1
反論出来る,1
明暗分ける,1
二十五日入院為る,1
精算払う,1
百八十万円加わる,1
二十五日間入院為る,1
侭移入為る,1
三箇所有る,1
彷徨く,1
補強為る,1
鬱屈為る,1
日本人離れ為る,1
水温む,1
一年以上処理出来る,1
祭祀為る,1
周遊為る,1
打破為る,1
抜きん出る,1
生涯掛ける,1
一時間余り話し込む,1
公示為る,1
生涯目標掲げる,1
人々幕打つ,1
政府方針内閣改造控える,1
石碑見る,1
変化求める,1
歓声上げる,1
依拠為る,1
様変わり為る,1
最終決断為る,1
傾倒為る,1
断行為る,1
模倣為る,1
不正輸出為る,1
事故揺らぐ,1
殆ど注目為る,1
集約為る,1
軸失う,1
事実上凍結為る,1
吹き返す,1
災い為る,1
殆ど建設為る,1
掘り進む,1
噴射為る,1
児童生徒合わせる,1
申し入れ為る,1
委任為る,1
苦闘為る,1
要約出来る,1
疲労困憊為る,1
三百円貰う,1
集光為る,1
計測出来る,1
保険適用為る,1
課題残す,1
瓦解為る,1
十日続く,1
結晶化為る,1
転校出来る,1
拷問為る,1
提案出来る,1
当初予定為る,1
為計画為る,1
駐屯為る,1
バトンタッチ出来る,1
大統領選投票始まる,1
統治出来る,1
採掘為る,1
テラゾノシンイチ著現実化為る,1
独占為る,1
皆分かる,1
全額補助為る,1
一新想像越える,1
逆転出来る,1
二十七日発売為る,1
最大三十時間録音出来る,1
編集出来る,1
九月二十五日発売為る,1
六秒程度掛かる,1
差し入れる,1
自己主張為る,1
変容為る,1
自ら経験為る,1
追い上げる,1
現地入り為る,1
殆ど利く,1
配分出来る,1
ビジュアル化為る,1
買い与える,1
卒業出来る,1
失い掛ける,1
喪失為る,1
実習有る,1
読み進む,1
目配り為る,1
精選為る,1
ティッパン・マウン・ワ著変わり行く,1
自己負担為る,1
断言出来る,1
年々上がる,1
何人出る,1
百パーセント近く成る,1
識別為る,1
正解為る,1
四十日間中断為る,1
比較出来る,1
半義務教育化為る,1
一日五回与える,1
一日五回置く,1
蛍光染色為る,1
零．一パーセント引き下げる,1
垢染みる,1
奏上為る,1
追加指定為る,1
寝返る,1
奪取為る,1
後年振り返る,1
本格始動為る,1
全て勘案為る,1
糊塗為る,1
帰依為る,1
論駁出来る,1
廃刊為る,1
二度出す,1
娘々為る,1
併呑為る,1
並べ立てる,1
書き送る,1
仏法巡る,1
金出す,1
大言壮語為る,1
前年比十六．七パーセント減少為る,1
イチロウ首位打者飽きる,1
売却出来る,1
強制買い取る,1
不良少年少女めく,1
思い起こす,1
二十ゲーム近く引き離す,1
躍進為る,1
活気付ける,1
心底喜ぶ,1
取り締まり役相談役等退任為る,1
名誉有る,1
五六億円削減出来る,1
即刻止める,1
起立為る,1
承知出来る,1
十六人居る,1
描写削る,1
悲哀描く,1
仏映画思わす,1
軽蔑為る,1
今年活躍為る,1
誘い出す,1
求刑為る,1
一日繰り上げる,1
虐殺為る,1
倍以上為る,1
ドジャー入り為る,1
走塁練習為る,1
十球投げる,1
旋回為る,1
今会う,1
合点為る,1
通関為る,1
証拠有る,1
多数出演為る,1
引き落とす,1
女子高生二人飛び下りる,1
刑事告訴為る,1
嘲笑為る,1
一度埋める,1
司法解剖為る,1
焼け死ぬ,1
進み掛ける,1
無理過ぎる,1
確認ツクバドイさん参加為る,1
引き下がる,1
色直し為る,1
色直し三箇月間消える,1
少女励ます,1
熱唱為る,1
ＥＳ細胞研究認める,1
理想化為る,1
再発防止策盛る,1
礼申し上げる,1
作り合う,1
転げ込む,1
十五メートル離れる,1
都度捨てる,1
打開出来る,1
押し合う,1
局地化為る,1
十二パーセント減る,1
形骸化為る,1
通常使用為る,1
全面開示為る,1
五輪運動続ける,1
抗議活動為る,1
毎日リラックス為る,1
多極化為る,1
国民挙る,1
焼き固める,1
従来有る,1
上積み為る,1
保育出来る,1
吸収出来る,1
殆ど宣伝為る,1
運営出来る,1
四割近く増える,1
転た寝為る,1
十五年経つ,1
期間経験為る,1
希求為る,1
拘留為る,1
帰還出来る,1
汚染為る,1
全面張り替える,1
侵攻為る,1
高級感溢れる,1
開票為る,1
二十九日告示為る,1
地方選伸びる,1
其々当てる,1
国会提出目指す,1
時期探る,1
世界存在為る,1
打ち解ける,1
本音話す,1
時溶ける,1
拾い上げる,1
建て替わる,1
傾き掛ける,1
六十年間謝罪為る,1
一波乱有る,1
押し遣る,1
意味化為る,1
高鳴る,1
納品為る,1
終始為る,1
連帯為る,1
政財界上げる,1
多元化為る,1
混迷化為る,1
湧き上がる,1
殆ど見る,1
合唱為る,1
全て明記為る,1
統一感有る,1
気兼ね為る,1
這い回る,1
時間短縮為る,1
三十二年有る,1
内容有る,1
赴任為る,1
五日掛ける,1
持ち寄る,1
侭採取為る,1
一つ一つ異なる,1
泳ぎ回る,1
毎日持ち歩く,1
研磨為る,1
一度使う,1
撮影出来る,1
注力為る,1
二期続ける,1
連れ立つ,1
一軒行く,1
換言為る,1
情報公開為る,1
十箇年継続為る,1
累積為る,1
禁煙為る,1
三百万円溜まる,1
住宅積み立てる,1
八千票以上引き離す,1
プラス出来る,1
党派層与野党共翻弄為る,1
百歩譲る,1
二十五万円支払う,1
八議席以上得る,1
百十兆円有る,1
社会問題化為る,1
叩き込む,1
信号無視為る,1
労わり合う,1
互い折れ合う,1
美容整形為る,1
事案貸す,1
三百万円溜める,1
得票為る,1
課税為る,1
六百万円有る,1
皆割り切る,1
幾ら有る,1
二毎月返済出来る,1
客演為る,1
配役為る,1
暗躍為る,1
幾ら借りる,1
力説為る,1
半数割れ為る,1
毎月幾ら返す,1
刻み込む,1
用意出来る,1
三本選ぶ,1
切り詰める,1
一箇月当たり一時間使う,1
二十二日分かる,1
侭販売為る,1
意見募集為る,1
全て認める,1
大体出る,1
通常生活為る,1
最大限アピール為る,1
屈み込む,1
説諭為る,1
一時間走る,1
週三便有る,1
二本持つ,1
全員逮捕為る,1
一キロ離れる,1
鋸言う,1
行き来為る,1
人目避ける,1
国会提出為る,1
一日繰り上がる,1
一つ抜ける,1
廃棄処分為る,1
耐久性有る,1
税負担為る,1
空費為る,1
恨み重なる,1
生き返る,1
今一つ踏み込む,1
皆飛ぶ,1
呼号為る,1
物切る,1
目立て為る,1
鎮静為る,1
二年以上掛かる,1
戦慄為る,1
直感為る,1
多数殺害為る,1
毎日祈る,1
炎上崩壊為る,1
手入れ為る,1
半日掛かる,1
首長物語町守る,1
鍛造為る,1
穴埋め為る,1
香り漂う,1
初登板初先発為る,1
生涯描く,1
内会う,1
秘め置く,1
居残る,1
思い直す,1
驚き悲しむ,1
下り掛ける,1
一段踏み違える,1
十六割れる,1
猛り狂う,1
検問所自爆アル・アクサ犯行認める,1
用心為る,1
織り成す,1
一生掛かる,1
怒鳴り付ける,1
読み替える,1
等置為る,1
仮徴収為る,1
停戦協議合意出来る,1
盗み出す,1
寄生為る,1
支払わす,1
盥回し為る,1
兼任為る,1
間接保有為る,1
答弁為る,1
存在出来る,1
口走る,1
侭閉幕為る,1
掠め取る,1
利権構造叩き壊す,1
五十パーセント増やす,1
此の方聞く,1
無事退院為る,1
決行為る,1
前後為る,1
資本主義化為る,1
十七現われる,1
地図世界入り込む,1
原則拒否為る,1
出し直し為る,1
保険拒む,1
時見る,1
個別化為る,1
百人集まる,1
種頂戴仕る,1
放送出来る,1
双方共認める,1
家庭鍛える,1
敬愛為る,1
五パーセント減らす,1
苦労知る,1
清掃為る,1
筋張る,1
年金払う,1
肩代わり為る,1
取り除ける,1
歴史有る,1
飛び掛かる,1
四回続ける,1
突き飛ばす,1
逃げ回る,1
手子摺る,1
程刊行為る,1
絵踊る,1
欲張る,1
五六千人居る,1
事実上出来る,1
屯為る,1
愛唱為る,1
逆戻り為る,1
再録為る,1
搦め取る,1
脚色為る,1
家族揃う,1
二三着買う,1
一目会う,1
全面参入出来る,1
彼是思案為る,1
為来日為る,1
踏み越える,1
信じ込む,1
昨年十月設立為る,1
十五パーセント落ち込む,1
大体分かる,1
思い巡らす,1
一割余り下回る,1
睨め回す,1
結束為る,1
十二．五パーセント増える,1
対外軍事支援費四十一億ドル盛り込む,1
妻帯出来る,1
覗き見る,1
付け替える,1
一度掛ける,1
起き出す,1
二週続ける,1
三勝為る,1
事分かる,1
前日四勝為る,1
四十四勝為る,1
息吐く,1
橇ごと突き込む,1
力走為る,1
ソルト・レーク入り為る,1
今年完成為る,1
命中為る,1
事出来る,1
後半ばてる,1
連覇成る,1
前倒し為る,1
対話出来る,1
十四日発表為る,1
張り裂ける,1
宗教染みる,1
時々通る,1
侭居座る,1
国産牛肉買い上げる,1
引責辞任為る,1
牛肉買い上げる,1
了解願う,1
全部外れる,1
脱却出来る,1
日頃買う,1
一つ選ぶ,1
落ち合う,1
侭用意為る,1
辞任有り居座る,1
頭下げる,1
受賞者決まる,1
高唱為る,1
日記見付かる,1
内買い上げる,1
零．六トン有る,1
殆ど触れる,1
友情有る,1
支持出来る,1
万策尽きる,1
提示出来る,1
侭言う,1
諸説有る,1
査察為る,1
敬礼為る,1
卒倒為る,1
攻撃出来る,1
勇気付ける,1
輿論形成急ぐ,1
一一テロ一年対イラク突き進む,1
日々確認為る,1
出庫為る,1
心変わり為る,1
侭来る,1
政治問題化為る,1
三回拍手為る,1
始末為る,1
日頃鍛える,1
体力競う,1
白負ける,1
団員赤勝つ,1
一巡為る,1
サッポロフィル音楽通ずる,1
移民為る,1
緊急点検為る,1
記念講演為る,1
真面目くさる,1
一度開く,1
程発行為る,1
下山為る,1
無事下山為る,1
足留め為る,1
独唱為る,1
掴み出す,1
攻め滅ぼす,1
銘打つ,1
侭決定為る,1
苦慮為る,1
五十パーセント削減為る,1
九十パーセント減る,1
十七パーセント低下為る,1
一匹這い出す,1
六枚立てる,1
検算為る,1
嗅ぎ取る,1
説教為る,1
連れ込む,1
改変為る,1
信奉為る,1
駆逐為る,1
学び合う,1
寄託為る,1
現存為る,1
一枚一枚見る,1
立て掛ける,1
一生行く,1
最初聞く,1
雪辱為る,1
十勝為る,1
十三点取る,1
五本塁打放つ,1
三十三号本塁打為る,1
四強入り為る,1
バドミントン相撲テニスソフトテニス粘る,1
走り負ける,1
万事休する,1
四射共的中為る,1
一人呟く,1
十六センチ上回る,1
トップ通過為る,1
普段付ける,1
九日開く,1
乗船為る,1
定期就航為る,1
初参加為る,1
出来心めく,1
馬力溢れる,1
昇進為る,1
三公演共楽しむ,1
却下為る,1
吸い寄せる,1
光り輝く,1
凭れ合う,1
急落為る,1
食い合う,1
即日実施為る,1
零．五パーセント引き下げる,1
二回行う,1
三週間掛ける,1
侭攻める,1
一部認める,1
誤り認める,1
自主点検為る,1
全て引き上げる,1
情報公開請求為る,1
長年思う,1
助力頂く,1
一件一件判断為る,1
ビザ発給為る,1
収拾為る,1
現在適用為る,1
妊娠出来る,1
笑い掛ける,1
治療経る,1
暗転為る,1
四割減らす,1
二万台配備為る,1
充填為る,1
擦り付く,1
五つ有る,1
一度鳴く,1
公害技術走る,1
五勝敗分ける,1
着任為る,1
目掛ける,1
毎年続ける,1
手続き出来る,1
三年経つ,1
街頭演説為る,1
三枚有る,1
独り暮らし為る,1
二回続ける,1
一日二十分間続ける,1
侭立つ,1
急降下為る,1
仰ぎ見る,1
自問為る,1
睦み合う,1
閉会為る,1
百年足る,1
切り倒す,1
三百三十七円七十九銭掛かる,1
五回程度有る,1
全面中止為る,1
分かり合う,1
全て置く,1
事実上否定為る,1
道探る,1
近く提案為る,1
不良債権ガイドライン中間報告業界思惑映す,1
合弁為る,1
問い詰める,1
大筋合意為る,1
共同生産為る,1
同乗為る,1
思い余る,1
一生知る,1
訪中為る,1
十二有る,1
通常年八回開催為る,1
メーター螺子山溶ける,1
三キロ離れる,1
客引き巡る,1
意気消沈為る,1
昨夜見る,1
吊り下がる,1
棒引き為る,1
焦げ付く,1
突き合わせる,1
二枚取る,1
不良債権化為る,1
実像定まる,1
最終処理為る,1
改革出来る,1
推移動く,1
休会為る,1
全て承認為る,1
足踏み為る,1
二空港合わせる,1
建設地決まる,1
抱え上げる,1
歩き掛ける,1
応急処置為る,1
侭走り去る,1
無断欠勤為る,1
賞与狙う,1
所有る,1
