,680062
為る,28047
居る,12126
有る,7844
言う,6185
成る,5212
来る,2155
見る,2084
出来る,2070
因る,1946
行く,1915
思う,1741
つく,1246
行う,1210
於く,1187
対する,961
考える,839
仕舞う,821
使う,760
持つ,745
分かる,745
遣る,739
取る,707
出る,679
作る,623
聞く,608
入る,597
関する,596
呉れる,582
下さる,560
知る,538
受ける,504
置く,458
貰う,439
出す,414
図る,387
付ける,373
書く,373
見える,371
得る,364
掛ける,359
掛かる,359
始める,350
上げる,350
入れる,332
食べる,329
買う,328
知れる,326
教える,324
付く,322
求める,321
続ける,318
続く,313
話す,289
感ずる,289
開く,273
切る,272
変わる,265
示す,263
過ぎる,255
加える,253
呼ぶ,248
違う,242
生きる,242
進める,242
向ける,230
認める,227
進む,216
読む,215
返る,211
含む,210
増える,209
立つ,205
頂く,204
通ずる,203
決める,201
合わせる,197
目指す,194
始まる,192
乗る,191
基づく,184
与える,184
送る,182
越える,182
変える,181
歩く,180
取り組む,176
残る,172
終わる,172
語る,171
待つ,170
当たる,170
応ずる,168
願う,168
働く,166
飲む,164
守る,164
渡る,156
伝える,155
楽しむ,154
止める,153
会う,152
走る,152
死ぬ,152
選ぶ,151
答える,151
関わる,150
述べる,149
向かう,147
戻る,146
生まれる,146
見せる,142
動く,140
起きる,137
比べる,135
頑張る,133
含める,130
伴う,128
描く,126
勧める,126
打つ,124
上がる,123
巡る,121
住む,115
起こす,115
決まる,114
並ぶ,114
迎える,114
忘れる,113
踏まえる,112
繋がる,111
残す,109
除く,107
広がる,107
上る,106
起こる,106
探す,105
調べる,105
失う,105
学ぶ,104
立てる,103
払う,102
訪れる,99
占める,98
乗せる,97
離れる,97
減る,97
集める,97
許す,96
売る,96
努める,95
果たす,94
纏める,94
取れる,94
異なる,93
集まる,92
無くなる,90
着る,90
現われる,90
済む,89
支払う,88
気付く,87
有する,87
支える,86
覚える,86
合う,85
流れる,85
歌う,85
従う,85
高まる,84
抱える,84
繰り返す,82
笑う,81
通す,81
触れる,81
あっ,80
受け入れる,80
似る,80
引く,79
驚く,79
思い出す,79
暮らす,79
問う,79
捨てる,78
見付ける,78
御座る,78
遊ぶ,78
回る,78
消える,77
運ぶ,77
至る,77
ああ,77
為さる,77
迫る,76
経つ,75
生む,75
落ちる,75
限る,75
生ずる,74
目立つ,74
殺す,74
聞こえる,74
連れる,74
届く,73
定める,72
捕らえる,72
経る,72
設ける,72
勤める,71
押さえる,71
用いる,71
寝る,70
生かす,70
困る,69
振る,69
喜ぶ,68
差す,67
達する,67
通う,66
信ずる,66
結ぶ,66
下りる,66
押す,66
掲げる,66
伸びる,66
勝つ,65
優れる,65
狙う,64
戦う,64
流す,64
抜く,64
避ける,63
及ぶ,63
過ごす,63
開ける,63
張る,63
飛ぶ,62
外す,62
奪う,61
返す,61
留まる,60
抱く,60
交ぜる,60
出会う,60
負ける,60
要する,59
組む,58
扱う,58
伸ばす,58
育てる,57
売れる,57
渡す,57
追う,57
備える,57
否,57
訴える,56
借りる,56
茹でる,56
成す,56
頼む,55
見付かる,55
座る,55
兼ねる,55
落とす,55
伝わる,54
引き続く,54
資する,54
逃げる,54
有り難う,53
疲れる,53
着く,53
うん,53
眺める,52
上回る,52
防ぐ,52
下げる,52
齎す,52
泣く,52
止まる,51
悩む,51
食う,51
吐く,51
次ぐ,50
表わす,50
動かす,50
高める,50
利く,50
重ねる,50
掴む,49
怒る,49
愛する,49
広げる,49
眠る,49
叫ぶ,49
出掛ける,49
振り返る,48
込める,48
隠す,48
取り上げる,47
亡くなる,47
望む,47
減らす,47
盛り込む,47
下がる,47
終える,47
増す,47
分ける,46
慣れる,46
致す,45
寄せる,45
育つ,45
溢れる,45
任せる,44
増やす,44
急ぐ,44
尽くす,44
担う,44
休む,44
止む,43
焼く,43
積む,43
握る,43
近付く,42
浮かぶ,42
促す,42
講ずる,41
見掛ける,41
諦める,41
断る,41
付き合う,40
耐える,40
誘う,40
受け取る,40
別れる,40
遅れる,40
襲う,40
助ける,39
洗う,39
こだわる,39
繋ぐ,39
抜ける,39
演ずる,39
構う,39
通る,39
突く,39
見込む,38
落ち着く,38
欠かす,38
移す,38
飾る,38
泳ぐ,38
保つ,37
当てる,37
絡む,37
戻す,37
響く,36
降る,36
がる,35
打ち出す,35
破る,35
負う,34
窺う,34
取り入れる,34
味わう,34
はい,34
沿う,34
叩く,34
揃う,33
空く,33
強める,33
貸す,33
築く,33
持ち込む,33
呟く,33
囲む,32
見詰める,32
恐れる,32
引っ張る,32
要る,32
揃える,32
頷く,32
足りる,32
浴びる,32
訪ねる,32
倒れる,32
直す,32
膨らむ,31
包む,31
呼び掛ける,31
放つ,31
試す,31
殴る,31
おい,31
強まる,31
並べる,31
深める,31
記す,30
向く,30
接する,30
外れる,30
確かめる,30
間違う,30
いらっしゃる,30
頼る,30
疑う,30
招く,30
探る,29
盛る,29
加わる,29
見直す,29
尋ねる,29
覆う,29
分かれる,29
締める,28
咲く,28
閉じる,28
揺れる,28
挟む,28
直る,28
手伝う,28
取り出す,28
立ち上がる,28
満たす,28
回す,28
茹で上がる,28
喋る,28
呼び出す,28
詰まる,28
臨む,28
褒める,28
控える,28
収まる,27
沸く,27
鳴る,27
交わす,27
届ける,27
鍛える,27
乗り込む,27
捲る,27
生み出す,27
覗く,26
数える,26
刻む,26
役立つ,26
迷う,26
消す,26
隠れる,26
吸う,26
輝く,26
えっ,26
漂う,26
慌てる,26
傾ける,26
整う,26
反する,26
報ずる,25
絞る,25
辿り着く,25
祈る,25
沸かす,25
熟す,25
埋める,25
吹く,25
取り戻す,25
投げる,25
収める,25
拭く,25
崩れる,24
踏む,24
下ろす,24
作り上げる,24
及ぼす,24
ううん,24
固める,24
際する,24
争う,24
移る,24
越す,24
整える,24
添える,24
追い込む,24
明かす,24
贈る,24
題する,24
傷付ける,24
重なる,23
苦しむ,23
下回る,23
戸惑う,23
飛び出す,23
転ずる,23
捕まる,23
作り出す,23
触る,23
炒める,23
施す,23
見上げる,23
被る,23
溜まる,23
堪る,23
落ち込む,23
陥る,23
話し合う,23
競う,23
切れる,23
植える,22
引き下げる,22
光る,22
命ずる,22
痩せる,22
組み合わせる,22
塗る,22
告げる,22
辿る,22
絶える,22
吊る,22
滑る,22
泊まる,21
誇る,21
駆け付ける,21
引き受ける,21
即する,21
嫌う,21
飼う,21
磨く,21
発する,21
犯す,21
掻く,21
携わる,21
乗り出す,21
継ぐ,21
繰り広げる,21
履く,21
ええ,21
寄る,21
去る,21
倒す,21
配る,21
見送る,21
恵まれる,21
親しむ,20
尽きる,20
謝る,20
募る,20
乗り越える,20
無くす,20
蘇る,20
引き継ぐ,20
さあ,20
稼ぐ,20
嵌まる,20
導く,19
晒す,19
折れる,19
騒ぐ,19
飛び込む,19
混ぜ合わせる,19
今日は,19
いざ,19
離す,19
巻く,19
手掛ける,19
盛り上がる,19
取り巻く,19
盛り上げる,19
潰す,19
見なす,19
裏切る,19
嘆く,19
欠ける,19
受け止める,18
割れる,18
敗れる,18
敷く,18
照らす,18
壊れる,18
構える,18
壊す,18
割る,18
浮く,18
心掛ける,18
騙す,18
黙る,18
背負う,18
課する,18
捕まえる,18
詰める,18
属する,18
説く,18
預ける,18
引き出す,18
取り込む,17
思い付く,17
痛む,17
解く,17
追い付く,17
追い掛ける,17
流行る,17
改める,17
写る,17
注ぐ,17
思い掛ける,17
埋まる,17
打ち込む,17
率いる,17
いや,17
覚める,17
攻める,17
強いる,17
好む,17
取り付ける,17
仕上げる,17
挑む,17
崩す,17
映る,17
書き込む,16
例える,16
救う,16
振り込む,16
雇う,16
弾む,16
溜める,16
伺う,16
振るう,16
断つ,16
憧れる,16
押し付ける,16
傾く,16
削る,16
下す,16
踊る,16
晴れる,16
見出だす,16
出来上がる,16
取り除く,16
譲る,16
撒く,16
飛ばす,16
浸る,16
打ち明ける,15
あの,15
染みる,15
持ち出す,15
見極める,15
拒む,15
見合う,15
痛める,15
思い込む,15
受け継ぐ,15
裏付ける,15
浮かべる,15
踏み込む,15
縫う,15
抜け出す,15
温める,15
破れる,15
貫く,15
引き上げる,15
見渡す,15
知り合う,15
溶ける,15
ぶつかる,15
語り合う,14
差し出す,14
漏れる,14
売り出す,14
唱える,14
営む,14
買い取る,14
誓う,14
擦る,14
飽きる,14
冷やす,14
繋げる,14
脅す,14
申し上げる,14
曲がる,14
切り替える,14
汚れる,14
間違える,14
呈する,14
潜る,14
纏まる,14
成り立つ,14
練る,14
逃す,14
放る,14
縛る,14
焦る,14
働き掛ける,14
名付ける,14
ねえ,14
脱ぐ,13
見逃す,13
満ちる,13
仕掛ける,13
はあ,13
追い詰める,13
申し込む,13
賑わう,13
浮かび上がる,13
癒す,13
励ます,13
切り出す,13
結び付く,13
足る,13
遂げる,13
話し掛ける,13
名乗る,13
言い渡す,13
乗り切る,13
測る,13
濡れる,13
拭う,13
間に合う,13
据える,13
見下ろす,13
振る舞う,13
おお,13
馴染む,13
暴れる,13
禁ずる,13
冷める,13
似合う,13
ずれる,13
埋め込む,13
生える,13
写す,13
向き合う,13
劣る,13
仕入れる,13
結び付ける,13
養う,13
揉む,13
走り回る,13
傷付く,12
引き起こす,12
適する,12
振り回す,12
付け加える,12
取り纏める,12
凌ぐ,12
見当たる,12
逃れる,12
脱する,12
習う,12
盗む,12
儲ける,12
亡くす,12
逃げ出す,12
補う,12
薄れる,12
熱する,12
跨がる,12
余る,12
取り扱う,12
逆らう,12
俯く,12
ちぎる,12
思い切る,12
訳す,12
称する,12
誤る,12
巻き込む,12
浸ける,12
果てる,12
引き締める,12
押し出す,12
拾う,12
制する,12
因む,12
培う,12
見分ける,12
祝う,12
見舞う,12
目覚める,11
留める,11
打ち上げる,11
積み上げる,11
切り開く,11
投ずる,11
富む,11
あれ,11
剥く,11
遡る,11
ぶつける,11
散らす,11
然う然う,11
転ぶ,11
固まる,11
遮る,11
駆け込む,11
澄む,11
和らげる,11
歩む,11
踏み出す,11
先立つ,11
太る,11
薄める,11
言い切る,11
ほら,11
下る,11
装う,11
乱れる,11
苛める,11
囁く,11
物語る,11
助かる,11
請け負う,11
潰れる,11
滲む,11
組み立てる,11
荒れる,11
弾く,11
立ち上げる,11
擦れ違う,11
見守る,11
生き残る,11
踏み切る,11
噛む,10
剥がす,10
張り付ける,10
入り込む,10
見回す,10
甘える,10
煽る,10
引き摺る,10
御早う,10
捕らわれる,10
受け付ける,10
震える,10
指差す,10
持ち上げる,10
切り取る,10
緩める,10
仕留める,10
微笑む,10
交える,10
然り,10
担ぐ,10
見据える,10
鳴く,10
仰る,10
あしらう,10
銜える,10
持ち帰る,10
込む,10
参る,10
引き取る,10
凹む,10
飢える,10
賄う,10
綴る,10
染める,10
押し込む,10
吹き出す,10
ばれる,10
問い合わせる,10
正す,10
沈む,10
あら,10
聞かす,10
委ねる,10
費やす,9
被せる,9
送り込む,9
衰える,9
満つ,9
帯びる,9
存ずる,9
書き替える,9
語り掛ける,9
突き込む,9
切り離す,9
なあ,9
押し寄せる,9
立ち止まる,9
責める,9
弾ける,9
曲げる,9
気取る,9
勝る,9
連ねる,9
蹴る,9
立ち寄る,9
籠もる,9
引っ掛かる,9
思い浮かべる,9
取り囲む,9
配する,9
割り切る,9
凝らす,9
絡める,9
徹する,9
捻る,9
今晩は,9
遣り直す,9
免れる,9
やれ,9
寛ぐ,9
乾く,9
育む,9
置き換える,9
揺さぶる,9
思い立つ,9
躊躇う,9
慕う,9
弱る,9
飛び交う,9
感じ取る,9
称える,9
暮れる,9
詰め込む,9
試みる,9
決め込む,9
察する,9
出向く,8
損なう,8
蒸す,8
閉じ込める,8
叶う,8
夢見る,8
振り向く,8
漏らす,8
溶かす,8
引っ掛ける,8
砕く,8
欠く,8
差し込む,8
定まる,8
際立つ,8
仰ぐ,8
憎む,8
堪える,8
止す,8
受け持つ,8
醸し出す,8
へえ,8
揺らぐ,8
いいえ,8
祭る,8
妨げる,8
送り出す,8
瞑る,8
あはは,8
騙し取る,8
焼ける,8
漕ぎ着ける,8
そそる,8
触れ合う,8
先駆ける,8
片付ける,8
退ける,8
敵う,8
鳴らす,8
芽生える,8
論ずる,8
捜し出す,8
取り替える,8
出迎える,8
根付く,8
歪む,8
抱え込む,8
移り住む,8
評する,8
巻き上げる,8
さようなら,8
仕立てる,8
託する,8
駆る,8
めく,8
燃える,8
組み込む,7
建て替える,7
突き付ける,7
細める,7
香る,7
退く,7
ごまかす,7
秘める,7
腐る,7
打ち取る,7
足す,7
描き出す,7
酔っ払う,7
掘り出す,7
安らぐ,7
染み込む,7
立ち直る,7
立ちはだかる,7
燃やす,7
焚く,7
注ぎ込む,7
明ける,7
長引く,7
抱き締める,7
呆れる,7
投げ出す,7
投げ込む,7
切り上げる,7
煮る,7
見落とす,7
洒落る,7
噛み締める,7
鑑みる,7
見せ付ける,7
塞ぐ,7
立ち並ぶ,7
跨ぐ,7
知らす,7
売り込む,7
群がる,7
割り込む,7
枯れる,7
干す,7
包み込む,7
睨む,7
顰める,7
嘗める,7
着替える,7
流し送る,7
悼む,7
積み上がる,7
集う,7
連なる,7
放り込む,7
染まる,7
途切れる,7
積み重ねる,7
準ずる,7
差し上げる,7
伸び悩む,7
混む,7
叶える,7
冷える,7
聞き取る,7
立ち入る,7
馳せる,7
嗅ぐ,7
漕ぐ,7
よし,7
阻む,7
引き付ける,7
手放す,7
弱まる,7
惜しむ,7
申す,7
歩き回る,7
持ち合う,7
患う,7
混ざる,7
転がる,6
恨む,6
危ぶむ,6
言い聞かせる,6
腰掛ける,6
食い止める,6
住まう,6
込み上げる,6
ばむ,6
行き着く,6
着せる,6
立ち向かう,6
突き放す,6
葬る,6
待ち受ける,6
冷え込む,6
折る,6
ぶつかり合う,6
撫でる,6
持ち掛ける,6
駆け出す,6
読み込む,6
捧げる,6
佇む,6
化する,6
巡り会う,6
凝る,6
打ち切る,6
見受ける,6
和らぐ,6
生まれ育つ,6
通り過ぎる,6
わあい,6
乾かす,6
辞する,6
仕切る,6
省く,6
きゃあ,6
ふん,6
苛立つ,6
叱る,6
散る,6
逸れる,6
顧みる,6
偲ぶ,6
怠る,6
役立てる,6
付する,6
吊り上げる,6
乗り換える,6
嵩む,6
吹き飛ぶ,6
痺れる,6
深まる,6
引っ越す,6
掛け離れる,6
潜める,6
肥える,6
偏る,6
吐き出す,6
読み上げる,6
詰め替える,6
介する,6
隔てる,6
舞う,6
粘る,6
彩る,6
繰り出す,6
生まれ変わる,6
起き上がる,6
押し上げる,6
苦しめる,6
重んずる,6
摘む,6
こら,6
ふむ,6
錆びる,6
積み込む,6
引き渡す,6
差し伸べる,6
栄える,6
途絶える,6
比する,6
覗き込む,6
催す,6
駆け巡る,6
締め括る,6
待たす,6
汲む,6
怒鳴る,6
躓く,6
考え出す,6
極める,6
飲み込む,6
見張る,6
申し立てる,6
駆け寄る,6
慰める,6
買い上げる,6
剥がれる,6
奪い取る,6
撥ねる,6
湧き出る,6
出回る,6
読み取る,6
張り切る,5
ぶら下がる,5
容れる,5
断ずる,5
嵩張る,5
嵌める,5
冴える,5
駆け上がる,5
混じる,5
垂らす,5
色褪せる,5
もてる,5
緩む,5
吹き込む,5
垂れる,5
通り抜ける,5
折り畳む,5
言い替える,5
売れ残る,5
供する,5
ばてる,5
裂く,5
尊ぶ,5
差し掛かる,5
汲み取る,5
吠える,5
飛び立つ,5
弱める,5
競い合う,5
押し通す,5
灯す,5
曇る,5
済ます,5
覚ます,5
掬う,5
割り当てる,5
んー,5
振り払う,5
覆す,5
切り捨てる,5
透ける,5
追い出す,5
熟する,5
歪める,5
執り行なう,5
和える,5
弄る,5
うう,5
涙ぐむ,5
汚す,5
見過ごす,5
喘ぐ,5
取り残す,5
否む,5
立ち返る,5
行き届く,5
飛び回る,5
教わる,5
広める,5
駆ける,5
強請る,5
映える,5
擦り下ろす,5
魅する,5
掻き立てる,5
転がす,5
飛び散る,5
むかつく,5
青褪める,5
売り上げる,5
過る,5
送り付ける,5
取り下げる,5
取り締まる,5
茂る,5
動き回る,5
口説く,5
沈める,5
励む,5
手渡す,5
酔う,5
鈍る,5
閉ざす,5
えー,5
握り締める,5
掘る,5
寄り添う,5
伏せる,5
思い遣る,5
刈る,5
売り付ける,5
いえ,5
勝ち越す,5
呼び止める,5
面する,5
抜かす,5
支え合う,5
波打つ,5
切り抜ける,5
遣り遂げる,5
萎える,5
敷き詰める,5
くっ付く,5
書き直す,5
見遣る,5
広まる,5
食らう,5
飛び下りる,5
纏う,5
突き立てる,5
食い違う,5
驕る,5
潜む,5
害する,5
彫る,5
突き上げる,5
悟る,5
懐かしむ,5
引き締まる,5
唸る,5
締め付ける,5
明く,5
律する,5
逸らす,5
突き進む,5
取り消す,5
湿る,5
見習う,5
根差す,5
切り分ける,5
捏ねる,5
立たす,5
擽る,5
老いる,4
締め出す,4
使い分ける,4
塞がる,4
張り替える,4
転ける,4
喫する,4
散らばる,4
騙る,4
改まる,4
引き返す,4
悩ます,4
和む,4
寄越す,4
絡み合う,4
見返す,4
吹き飛ばす,4
這い上がる,4
目掛ける,4
揉み合う,4
脅かす,4
埋もれる,4
泣かす,4
戯れる,4
立て直す,4
問い質す,4
束ねる,4
乗り取る,4
ぱらつく,4
括り付ける,4
引き手繰る,4
恥じる,4
摩る,4
撓む,4
やあ,4
窶れる,4
呼び寄せる,4
齧り付く,4
差し押さえる,4
持て囃す,4
孕む,4
掛け合う,4
貸し出す,4
食い込む,4
抜き去る,4
罵る,4
駆け回る,4
解ける,4
聳える,4
引き立てる,4
仕分ける,4
扮する,4
吸い込む,4
零す,4
居座る,4
勝ち取る,4
纏わる,4
縺れる,4
飲み干す,4
甘んずる,4
奪い合う,4
占う,4
暴く,4
譲り受ける,4
銘ずる,4
背く,4
しがみ付く,4
分かち合う,4
巻き起こす,4
濡らす,4
持て余す,4
倣う,4
持ち越す,4
ぶら下げる,4
巻き戻す,4
略す,4
放す,4
廃れる,4
厭う,4
襲い掛かる,4
奏でる,4
攫う,4
蕩ける,4
取り返す,4
繰り上げる,4
持ち上がる,4
押し切る,4
志す,4
馬鹿げる,4
詰め掛ける,4
溶け込む,4
出し合う,4
取り掛かる,4
滲み出る,4
出直す,4
差し引く,4
翻す,4
赴く,4
取り払う,4
振れる,4
綻ぶ,4
乗り上げる,4
掘り下げる,4
零れる,4
儲かる,4
煮込む,4
仕上がる,4
凍る,4
積もる,4
投げ掛ける,4
解す,4
陥れる,4
問い掛ける,4
出でる,4
絞り込む,4
だぶつく,4
売り越す,4
買い換える,4
忍び込む,4
行き詰まる,4
積み立てる,4
傾げる,4
向かい合う,4
尖る,4
踏み躙る,4
遠ざかる,4
仕える,4
偽る,4
靡く,4
刳り抜く,4
食み出す,4
静まり返る,4
事欠く,4
入れ替わる,4
従える,4
駆け下りる,4
巻き付ける,4
突き出す,4
願い出る,4
授かる,4
打ちのめす,4
見破る,4
愛でる,4
滅ぶ,4
縋る,4
んっ,4
踏み入れる,4
這う,4
慎む,4
敬う,4
聞き返す,4
持ち歩く,4
並び立つ,4
引き寄せる,4
わあ,4
飛び抜ける,4
ばら蒔く,4
横たえる,4
気遣う,4
えへへ,4
透き通る,4
睨み付ける,4
そびれる,4
押し進める,4
遅らせる,4
見比べる,4
近寄る,4
打っ掛ける,4
取り揃える,4
走り去る,4
給う,4
掘り上げる,4
当て嵌まる,4
切り落とす,4
突き刺す,4
取り付く,4
操る,4
積み増す,4
拭き取る,4
挽く,4
手繰る,4
司る,4
ほな,4
丸める,4
通じ合う,4
片付く,4
言い返す,4
灯る,4
滅ぼす,4
生き延びる,4
焼き払う,4
築き上げる,4
任す,4
引き延ばす,4
押し退ける,4
付き纏う,4
流れ出す,4
咲き乱れる,4
澄ます,4
渦巻く,4
息巻く,4
引ける,4
閉じ籠もる,4
持ち合わせる,4
さ迷う,4
言い表わす,4
えーと,4
形作る,4
縮める,4
見知る,4
見入る,4
ぼやける,4
もう,4
供える,4
食する,4
ばらす,3
うわ,3
紛れる,3
狙い澄ます,3
見放す,3
擬える,3
駆け上る,3
博する,3
立ち去る,3
溜め込む,3
会する,3
焦げる,3
炊き込む,3
羨む,3
膨れ上がる,3
憂える,3
ぶれる,3
煮詰める,3
羽織る,3
振り翳す,3
見せ掛ける,3
言い付ける,3
言い放つ,3
あー,3
切羽詰まる,3
奥まる,3
回し掛ける,3
待ち構える,3
吹き付ける,3
蹲る,3
使い込む,3
めかす,3
蹴散らす,3
喚く,3
企てる,3
追い越す,3
からかう,3
醸す,3
模する,3
考え直す,3
勤まる,3
行き交う,3
失せる,3
実る,3
初めまして,3
送り届ける,3
取り合う,3
切り立つ,3
取り押さえる,3
括る,3
思い止まる,3
裁く,3
取り分ける,3
寝付く,3
抱き合う,3
瀕する,3
語らう,3
犇めき合う,3
蓄える,3
織る,3
古びる,3
出会す,3
立ち込める,3
跪く,3
則る,3
躍らす,3
届け出る,3
突き止める,3
押さえ付ける,3
舞い下りる,3
吹き荒れる,3
曝け出す,3
勢い付く,3
押し潰す,3
呆れ返る,3
濁る,3
温まる,3
けしからん,3
突き返す,3
聳え立つ,3
近付ける,3
唆す,3
病む,3
揺れ動く,3
言い募る,3
当て嵌める,3
掃く,3
封じ込める,3
労う,3
零れ落ちる,3
逝く,3
生み育てる,3
申し出る,3
適う,3
弔う,3
引き分ける,3
躱す,3
ははは,3
挙る,3
紡ぐ,3
膨れる,3
迫り来る,3
忍び寄る,3
黙り込む,3
はははは,3
勤しむ,3
食い下がる,3
引っ込める,3
出揃う,3
放り出す,3
逃がす,3
抱き抱える,3
翳す,3
振り向ける,3
休める,3
付き添う,3
言い張る,3
おっ,3
割り引く,3
めげる,3
おっと,3
旅立つ,3
黒ずむ,3
詰め寄る,3
投げ付ける,3
ふざける,3
取り乱す,3
威張る,3
くそ,3
思い当たる,3
嫁ぐ,3
住み着く,3
噛み付く,3
不貞腐れる,3
砕ける,3
振り出す,3
覆い被さる,3
助け合う,3
見捨てる,3
浮き立つ,3
引き立つ,3
悔やむ,3
作り直す,3
成し遂げる,3
科する,3
空ける,3
歩み寄る,3
華やぐ,3
垣間見る,3
溺れる,3
うお,3
濁す,3
身構える,3
駆り立てる,3
着込む,3
勝ち上がる,3
しゃがみ込む,3
拝む,3
溶く,3
煮出す,3
洗い流す,3
埋め立てる,3
身籠もる,3
背ける,3
見切る,3
ふう,3
強張る,3
縁取る,3
遠退く,3
見通す,3
静める,3
書き出す,3
跳ね上がる,3
憤る,3
浸す,3
憚る,3
噛み合う,3
重ね合わせる,3
おや,3
乗り移る,3
追い求める,3
書き上げる,3
育て上げる,3
思い知らす,3
年老いる,3
ようい,3
交じる,3
編む,3
連れ出す,3
愚図る,3
手繰り寄せる,3
ときめく,3
余す,3
召し上がる,3
投げ飛ばす,3
擁する,3
竦める,3
案ずる,3
連れ去る,3
降り注ぐ,3
押し入る,3
凍り付く,3
静まる,3
踏み固める,3
毒付く,3
引き戻す,3
明け暮れる,3
匂う,3
啄む,3
甘やかす,3
打ち破る,3
捌く,3
諭す,3
潜り込む,3
追い回す,3
回り込む,3
寄せ付ける,3
解き明かす,3
庇う,3
纏め上げる,3
欺く,3
躍り出る,3
思い浮かぶ,3
横たわる,3
目論む,3
腫れる,3
見立てる,3
仰け反る,3
取り外す,3
居合わせる,3
帰する,3
掻き回す,3
処する,3
恐れ入る,3
狂う,3
分け合う,3
心行く,3
ちらつく,3
咎める,3
差し向ける,3
翻る,3
揉める,3
焦がす,3
怯える,3
癒える,3
うむ,3
伸し掛かる,3
持ち堪える,3
垂れ流す,3
引き込む,3
見抜く,3
長ける,3
吹き抜ける,3
区切る,3
鏤める,3
耕す,3
あちち,3
立ち行く,3
損ねる,3
見越す,3
預かる,3
飛び越える,3
冠する,3
突っ走る,3
荒れ狂う,3
先んずる,3
返り咲く,3
霞む,3
割り出す,3
揉み消す,3
陣取る,3
作り変える,3
引き離す,3
張り付く,3
申し入れる,3
考え付く,3
決する,3
早める,3
浸かる,2
流れ落ちる,2
来す,2
研ぎ澄ます,2
分かつ,2
思わす,2
釣り合う,2
疎む,2
報う,2
授ける,2
寝惚ける,2
刃向かう,2
着飾る,2
沈み込む,2
なぞる,2
打ち殺す,2
植え替える,2
捨て去る,2
投げ打つ,2
蝕む,2
奪い去る,2
突き詰める,2
合わす,2
引き替える,2
取り寄せる,2
似付く,2
練り込む,2
扇ぐ,2
売り歩く,2
晦ます,2
裂ける,2
白ける,2
迎え入れる,2
嗅ぎ付ける,2
刈り取る,2
突き倒す,2
噎せる,2
宿る,2
跳ねる,2
見回る,2
横切る,2
計り知れる,2
這い出す,2
遣り過ごす,2
もしもし,2
食い荒らす,2
思い詰める,2
組み上げる,2
目する,2
擦り減る,2
手間取る,2
蹌踉く,2
設える,2
擡げる,2
付け足す,2
魘される,2
見紛う,2
運び込む,2
屈める,2
主立つ,2
ぶん殴る,2
口ずさむ,2
述べ立てる,2
追い払う,2
追い抜く,2
切り替わる,2
脱ぎ捨てる,2
まー,2
極まる,2
流れ込む,2
引っこ抜く,2
聞き出す,2
取り立てる,2
責め立てる,2
打ちまける,2
反る,2
悪びれる,2
陰る,2
映し出す,2
絡み付く,2
嵌め込む,2
振り撒く,2
喜び勇む,2
消え去る,2
貫き通す,2
掠める,2
振り分ける,2
切り付ける,2
手控える,2
紐解く,2
呼び起こす,2
遣らかす,2
買い込む,2
振り掛ける,2
結わえる,2
ずらす,2
借り入れる,2
据え置く,2
事故る,2
燃え尽きる,2
走り寄る,2
行き合う,2
なんちゃって,2
立ち上る,2
仕込む,2
むふふ,2
ダブる,2
はにかむ,2
引き攣る,2
弄ぶ,2
悔いる,2
食い入る,2
サボる,2
拵える,2
挟まる,2
流れ出る,2
書き加える,2
突っ伏す,2
あやす,2
思い至る,2
見違える,2
断ち切る,2
震わせる,2
寝転ぶ,2
訛る,2
寝かせる,2
突き当たる,2
媚びる,2
蒔く,2
弛む,2
孵る,2
啜る,2
吸い取る,2
生やす,2
否々,2
鞭打つ,2
萌え出でる,2
如く,2
逸る,2
座する,2
口籠もる,2
滅びる,2
削り取る,2
注ぎ足す,2
のう,2
上り詰める,2
兼ね備える,2
張り出す,2
染め抜く,2
もがく,2
擦れる,2
思い返す,2
高ずる,2
練り上げる,2
照れる,2
引き入れる,2
張り巡らす,2
ごった返す,2
居並ぶ,2
見返る,2
纏い付く,2
怠ける,2
駆けずる,2
巻き取る,2
滞る,2
荒らす,2
貶す,2
書き入れる,2
黙する,2
競り合う,2
叩き落す,2
拱く,2
飛び上がる,2
振り上げる,2
治り掛ける,2
掘り当てる,2
軋む,2
崇める,2
擦り付ける,2
遣り残す,2
導き出す,2
交わる,2
黴びる,2
書かす,2
与する,2
切らす,2
取り直す,2
蹴り飛ばす,2
報いる,2
任ずる,2
掻き混ぜる,2
力む,2
眠り込む,2
重なり合う,2
くくく,2
伸し上がる,2
転がり込む,2
立ち尽くす,2
下り立つ,2
膿む,2
勝ち残る,2
満ち満ちる,2
押し当てる,2
振り絞る,2
蠢く,2
立ち会う,2
潜り抜ける,2
問い返す,2
逃げ回る,2
吹き出る,2
突き落とす,2
住み込む,2
綴じる,2
くっ付ける,2
萎む,2
宥める,2
負ぶう,2
変わり行く,2
救い出す,2
北叟笑む,2
読み返す,2
聞き比べる,2
嘲笑う,2
犇めく,2
期する,2
罷り通る,2
貪る,2
捩る,2
齧る,2
打っ壊れる,2
飛び付く,2
飛び出る,2
盛り返す,2
浴びせる,2
囲う,2
掘り起こす,2
よっしゃ,2
彫り込む,2
眩む,2
泣き噦る,2
呼び付ける,2
動ずる,2
擦り合わせる,2
持て成す,2
座り込む,2
どれ,2
押し掛ける,2
障る,2
読み解く,2
好く,2
乗り入れる,2
だらける,2
居着く,2
踏み止まる,2
書き下ろす,2
掻き集める,2
さらば,2
死する,2
話し込む,2
贖う,2
浴する,2
訪ね歩く,2
寂れる,2
晴らす,2
真似る,2
見届ける,2
塗り込める,2
築き直す,2
驚かす,2
娶る,2
取り止める,2
奏する,2
思い描く,2
切り返す,2
薙ぐ,2
やった,2
もがき苦しむ,2
潤う,2
擦り込む,2
赤茶ける,2
踏み締める,2
着回す,2
忍ぶ,2
成り上がる,2
剥ける,2
食い付く,2
捜し回る,2
懲りる,2
通り掛かる,2
居た堪れる,2
信じ込む,2
取り壊す,2
引っ繰り返す,2
端折る,2
畳む,2
隠し持つ,2
踏ん張る,2
そそり立つ,2
ふらつく,2
うー,2
追い遣る,2
ぶらつく,2
ざわめく,2
沸き上がる,2
朽ちる,2
振り返す,2
瞬く,2
着崩す,2
買い付ける,2
燃え立つ,2
窺い知る,2
生る,2
紛れ込む,2
揺らす,2
ずば抜ける,2
染め上げる,2
色付く,2
拾い集める,2
匿う,2
遠ざける,2
思い悩む,2
締め切る,2
惚れ込む,2
溢れ返る,2
熟れる,2
考え込む,2
象る,2
浮き上がる,2
蒸かす,2
沸き起こる,2
拗れる,2
解する,2
売り渡す,2
映す,2
侮る,2
噛ます,2
認め合う,2
連れ添う,2
欲する,2
受け渡す,2
泥濘む,2
苛む,2
研ぐ,2
差し当たる,2
渋る,2
呼び覚ます,2
囃し立てる,2
落とし込む,2
懲らしめる,2
嘯く,2
囲い込む,2
うぇい,2
有り付く,2
カワユス,2
ふふふ,2
見積もる,2
天下る,2
閃く,2
蔑む,2
のめり込む,2
果せる,2
書き立てる,2
削ぐ,2
咎め立てる,2
考え合わせる,2
見透かす,2
打ち壊す,2
隣り合う,2
割り入れる,2
鳴り響く,2
担ぎ出す,2
とほほ,2
賑わす,2
折り曲げる,2
開き直る,2
罹る,2
炒め合わせる,2
思い合わせる,2
舞い上がる,2
塾れる,2
植え付ける,2
濯ぐ,2
ざわつく,2
蔓延る,2
買い戻す,2
流し込む,2
失する,2
乗り合わせる,2
射止める,2
崩れ落ちる,2
言い残す,2
剃る,2
度重なる,2
教え諭す,2
こう,2
塗り替える,2
入り乱れる,2
恵む,2
いやはや,2
買い揃える,2
仄めかす,2
化ける,2
吸い出す,2
繕う,2
魅せる,2
撥ね上げる,2
歌い上げる,2
言い立てる,2
塗り重ねる,2
呼び戻す,2
怯む,2
服する,2
引き連れる,2
合わせ持つ,2
仕付ける,2
過ぎ去る,2
練り歩く,2
表する,2
けちる,2
乗り継ぐ,2
立ち竦む,2
通い合う,2
為合う,2
ほう,2
決め付ける,2
押し戻す,2
買い越す,2
悲しむ,2
推し量る,2
慈しむ,2
打ち勝つ,2
焦らす,2
吐き捨てる,2
結う,2
嗾ける,1
まどろむ,1
引き合わす,1
擤む,1
睨め回す,1
来たる,1
並べ代える,1
思い巡らす,1
高鳴る,1
気張る,1
起き出す,1
訝る,1
踏み越える,1
労わる,1
張り裂ける,1
押し払う,1
受け合う,1
鯱張る,1
落ち合う,1
泳ぎ出す,1
覗き見る,1
請う,1
疼く,1
漂わす,1
切り刻む,1
騒ぎ立てる,1
揺らせる,1
湧き上がる,1
生え変わる,1
慮る,1
均す,1
突き抜ける,1
口走る,1
突き合わせる,1
歩き掛ける,1
蹴り込む,1
転げ込む,1
射る,1
削れる,1
窄まる,1
ググる,1
擦り付く,1
ぼったくる,1
読み進む,1
買い与える,1
言い知れる,1
押し合う,1
乗り変わる,1
さす,1
落ちぶれる,1
切り詰める,1
切り倒す,1
作り合う,1
問い詰める,1
思い余る,1
誘い出す,1
食い合う,1
光り輝く,1
攻め滅ぼす,1
並べ立てる,1
書き送る,1
歌い継ぐ,1
行き直す,1
いかれる,1
進み掛ける,1
演じ分ける,1
立て掛ける,1
真面目くさる,1
まあ,1
引き下がる,1
縮こまる,1
掴み出す,1
連れ込む,1
吊り下がる,1
睦み合う,1
仰ぎ見る,1
宿す,1
怒鳴り付ける,1
惑わす,1
わはは,1
画する,1
取り除ける,1
盗み出す,1
建て替わる,1
しゃがむ,1
へへへへ,1
傾き掛ける,1
飛び掛かる,1
へばり付く,1
合わさる,1
踏み違える,1
下り掛ける,1
驚き悲しむ,1
思い直す,1
秘め置く,1
はぐらかす,1
買い足す,1
通り越す,1
仕る,1
叩き込む,1
長ずる,1
搦め取る,1
馴れ合う,1
欲張る,1
あばよ,1
伝う,1
炙る,1
見開く,1
手子摺る,1
連れ立つ,1
折れ合う,1
錆さす,1
突き飛ばす,1
見下げる,1
蒸れる,1
焼き固める,1
年取る,1
持ち寄る,1
急かす,1
落ち延びる,1
並べ入れる,1
付け合う,1
狭める,1
ははあ,1
垂れ込める,1
似通う,1
寝直す,1
ひゃっほう,1
高め合う,1
びびる,1
芽吹く,1
差し替える,1
茹だる,1
ミスる,1
着直す,1
取り調べる,1
愛し合う,1
ほっ,1
与え合う,1
焼き付く,1
がらる,1
使い惜しむ,1
書き残す,1
縛り付ける,1
ぬう,1
惚れる,1
くっ,1
打っ飛ばす,1
たむろう,1
もげる,1
やっとこさ,1
渡り合う,1
焼き切る,1
取っ捕まえる,1
撫で回す,1
吸い付く,1
しゃくる,1
ずれ落ちる,1
伏す,1
得する,1
塗り込む,1
平伏す,1
と,1
負け越す,1
立ち至る,1
話し歩く,1
ふふ,1
掠れる,1
鬩ぎ合う,1
減ずる,1
雇い入れる,1
押し下げる,1
移り変わる,1
突き刺さる,1
紡ぎ合わさる,1
仄めく,1
据え付ける,1
持ち戻る,1
む,1
払い戻す,1
絡まり合う,1
えへん,1
承る,1
暴れ足りる,1
荒くれる,1
組み入れる,1
睨める,1
申し伝える,1
去り行く,1
きゃっほう,1
織り交ぜる,1
ロデる,1
立て籠る,1
にゃはは,1
拾い出す,1
握り潰す,1
暈かす,1
浚える,1
焼き付ける,1
阿る,1
荒ぶる,1
おわ,1
はてさて,1
運び上げる,1
為出かす,1
取り置く,1
遊ばす,1
掻っ飛ぶ,1
垂れ下がる,1
戦わす,1
はは,1
いえあう,1
きゃはは,1
押し流す,1
組み分ける,1
そうらん,1
扱き使う,1
へへん,1
ぷっ,1
買い求める,1
おっつ,1
突き動かす,1
おつおつ,1
逃げ疲れる,1
探り辿る,1
結び合う,1
揺り動かす,1
下押す,1
崩れ去る,1
上り移る,1
跳ね返す,1
伝え残す,1
吊る下がる,1
引き裂く,1
混み合う,1
戯れ合う,1
老ける,1
おっぺけぺえ,1
買わす,1
溢れ出る,1
噛み砕く,1
切り直す,1
立ち塞がる,1
さて,1
破く,1
埋め戻す,1
寝違える,1
涼む,1
満ち足りる,1
葬り去る,1
晴れ上がる,1
垂れ込む,1
浚う,1
崩し掛ける,1
凭れる,1
詰る,1
ちぎれる,1
出歩く,1
照る,1
被り直す,1
降らす,1
巻き上がる,1
混じり合う,1
刳れる,1
火照る,1
食らい付く,1
燃え上がる,1
覗き返す,1
差さる,1
撫で下ろす,1
腫れ上がる,1
生う,1
掻き穿る,1
偽り飾る,1
焼き切れる,1
掛け合わせる,1
逃げ惑う,1
交じり合う,1
補い合う,1
言い合う,1
居流れる,1
移し替える,1
滅入る,1
慰め合う,1
払い除ける,1
零れ出す,1
触れ回る,1
絶やす,1
炙り出す,1
張り合わせる,1
穿かす,1
荒む,1
落っことす,1
叩き殺す,1
狩り出す,1
揺すぶる,1
組み付く,1
引っ括める,1
燻る,1
秀でる,1
言い触らす,1
切り立てる,1
追い返す,1
ぐずつく,1
屈する,1
巡らす,1
責め殺す,1
並べ直す,1
吹き上がる,1
賭する,1
縊り出す,1
思い煩う,1
泊める,1
候う,1
掴み取る,1
商う,1
降り積もる,1
作り込む,1
包み隠す,1
巻き起こる,1
扠置く,1
ぐえ,1
過ぎ行く,1
思い沈む,1
おつかれんこん,1
住み替える,1
撒き散らす,1
奪い返す,1
走り抜ける,1
頽れ去る,1
退る,1
突き出る,1
ぶくる,1
突き通す,1
押っ取る,1
打ち倒れる,1
泡立てる,1
もぎ取る,1
炊き上がる,1
刮げ落とす,1
点てる,1
携え帰る,1
群れる,1
あい,1
飽き足る,1
言わす,1
誘い込む,1
言付かる,1
待ち伏せる,1
煮える,1
凍て付く,1
こんばちは,1
トラブる,1
擦り寄る,1
集い合う,1
愚痴る,1
選り分ける,1
溶け出す,1
託ける,1
遣らす,1
彷徨く,1
買い受ける,1
告る,1
染み付く,1
えい,1
侍る,1
罷る,1
勘繰る,1
没する,1
早まる,1
温む,1
擦り減らす,1
笑い掛ける,1
這わす,1
彫り上げる,1
見誤る,1
塗りたくる,1
染み入る,1
絶する,1
抱き上げる,1
捩じ曲がる,1
引っ繰り返る,1
跳ね継ぐ,1
抉る,1
利かす,1
似せる,1
罰する,1
繋がり合う,1
居直る,1
言い負かす,1
染み出る,1
打ち返す,1
突き崩す,1
攻め落とす,1
抱き起こす,1
滴る,1
雪崩れる,1
折り返す,1
転げ落ちる,1
滑り落ちる,1
飛び退く,1
撥ね飛ばす,1
叩き合う,1
盾突く,1
響き合う,1
つまされる,1
死に別れる,1
湧き出す,1
打ち立てる,1
聞き届ける,1
持ち去る,1
取り縋る,1
蒸し上がる,1
差し迫る,1
摩り替わる,1
手慣れる,1
持ち替える,1
生い茂る,1
入れ直す,1
連れ帰る,1
咲き誇る,1
奉る,1
苔むす,1
振り付ける,1
打ち崩す,1
塗り潰す,1
許し合う,1
指し示す,1
選び取る,1
描き分ける,1
あやかる,1
振り下ろす,1
刺し殺す,1
仕立て上げる,1
懐く,1
見晴らす,1
項垂れる,1
繋ぎ直す,1
切り裂く,1
有り触れる,1
散らかる,1
打ち消す,1
抓る,1
舞い込む,1
引きちぎる,1
履き替える,1
掻き取る,1
抉じ開ける,1
眠り呆ける,1
欹てる,1
揺らめく,1
言い捨てる,1
惚ける,1
うひゃひゃ,1
解れる,1
負わす,1
弄くり回す,1
テンパる,1
聞き流す,1
透かす,1
がめる,1
借り受ける,1
牛耳る,1
当て込む,1
怒り狂う,1
逸する,1
浮かす,1
売り捌く,1
縫い込む,1
揉み込む,1
振り切る,1
炒る,1
背負わす,1
絡まる,1
差し控える,1
問い直す,1
引き合う,1
損する,1
そぐう,1
仕舞い込む,1
見合わせる,1
食い繋ぐ,1
穿つ,1
召し抱える,1
煮崩れる,1
繰り入れる,1
言い当てる,1
茹で上げる,1
盛り付ける,1
上向く,1
脈打つ,1
煮え滾る,1
裏返す,1
打ち落とす,1
成り済ます,1
煮え繰る,1
畏まる,1
回し入れる,1
乗せ替える,1
絞り掛ける,1
溶き解す,1
揺るがす,1
熱り立つ,1
名乗り出る,1
逃げ延びる,1
湛える,1
パニクる,1
読み耽る,1
抜き取る,1
戻し入れる,1
使い余す,1
焼け死ぬ,1
売り切れる,1
引き落とす,1
駄弁る,1
吹き返す,1
塗す,1
掘り進む,1
失い掛ける,1
言い添える,1
諫める,1
競り負ける,1
切れ込む,1
抜け出る,1
狭まる,1
零れ出る,1
乱す,1
待ち焦がれる,1
萌える,1
走り込む,1
差し入れる,1
散らかす,1
悩み苦しむ,1
おおい,1
歌い掛ける,1
遣わす,1
しろしめす,1
猛り狂う,1
分かり合う,1
薄らぐ,1
ぐらつく,1
筋張る,1
抱え上げる,1
焦げ付く,1
選りすぐる,1
銘打つ,1
嗅ぎ取る,1
学び合う,1
読み替える,1
踏み倒す,1
織り成す,1
居残る,1
寝返る,1
吸い寄せる,1
凭れ合う,1
叩き壊す,1
掠め取る,1
支払わす,1
殉ずる,1
呪う,1
注がす,1
走り負ける,1
休する,1
付け替える,1
体する,1
思い起こす,1
追い上げる,1
詫びる,1
頼み入れる,1
抱き寄せる,1
申し合わせる,1
乗り付ける,1
張り詰める,1
押し遣る,1
拾い上げる,1
買い被る,1
継ぎ足す,1
抜きん出る,1
擦り抜ける,1
繰り延べる,1
戦く,1
突っ撥ねる,1
取り違える,1
くすむ,1
喜び掛ける,1
取り回す,1
差し戻す,1
稼ぎ出す,1
飛び去る,1
配り回る,1
掻き鳴らす,1
貸し切る,1
飲み歩く,1
弄する,1
押し立てる,1
読み掛ける,1
逆立つ,1
聞き入る,1
潤す,1
掬い上げる,1
引き比べる,1
揺する,1
弥増す,1
織り込む,1
刻み込む,1
乗っかる,1
引き抜く,1
労わり合う,1
編み出す,1
使い古す,1
生き返る,1
イカンザキ,1
取っちめる,1
ぼやく,1
屈み込む,1
捌ける,1
泳ぎ回る,1
消し去る,1
繰り上がる,1
蹴り上げる,1
ずれ込む,1
諮る,1
燥ぐ,1
打ち解ける,1
打ち合う,1
捻り出す,1
見失う,1
這い回る,1
たじろぐ,1
弾き出す,1
出っ張る,1
買い漁る,1
漕ぎ出す,1
絞り取る,1
訝しむ,1
利する,1
捜し当てる,1
清める,1
競り落とす,1
干上がる,1
耽る,1
引き剥ぐ,1
縮まる,1
照り付ける,1
捲れる,1
立ち働く,1
蟠る,1
入り組む,1
偏する,1
入り交じる,1
言い分ける,1
存する,1
飛び離れる,1
投げ捨てる,1
飢え苦しむ,1
立ち戻る,1
打ち拉ぐ,1
喜び笑う,1
運び去る,1
挫く,1
抱き付く,1
押さえ込む,1
組み合う,1
被さる,1
滑り下りる,1
有り余る,1
掻き出す,1
伸ばし掛ける,1
干涸びる,1
諂う,1
突き砕く,1
論う,1
解き放つ,1
振り合う,1
聞き付ける,1
解き解す,1
打ち負かす,1
押し垂れさせる,1
押し破る,1
泣き止む,1
摘み取る,1
打ち付ける,1
奮い立たす,1
照り輝く,1
数え拾う,1
乗り回す,1
輝かす,1
寄せ合う,1
塗り分ける,1
引き止める,1
関わり合う,1
立て替える,1
担わす,1
妬む,1
塗れる,1
組み直す,1
屠る,1
売り逃す,1
寝そべる,1
植わる,1
突き立つ,1
下卑る,1
泳ぎ疲れる,1
ひゃあ,1
息衝く,1
はだける,1
叩き付ける,1
滑り込む,1
よいしょ,1
見計らう,1
しめしめ,1
賑わせる,1
引き払う,1
きらめく,1
嘗め上げる,1
せがむ,1
撓う,1
切り下ろす,1
うぐ,1
打ち据える,1
突き下ろす,1
かあ,1
飛び退る,1
撓める,1
かまける,1
降り止む,1
払い落とす,1
撫で付ける,1
遣り掛ける,1
出しゃばる,1
仕組む,1
消え行く,1
のたうち回る,1
食べ歩く,1
扱き下ろす,1
教え込む,1
惑う,1
並外れる,1
振り替える,1
固まり掛ける,1
覆る,1
切り下げる,1
遭わす,1
寝取る,1
負かせる,1
竦む,1
見咎める,1
怪しむ,1
奮い立つ,1
嘆き悲しむ,1
打ち捨てる,1
生かし合う,1
明け渡す,1
与え返す,1
眠りこける,1
押し伏せる,1
飛び起きる,1
恍ける,1
捻くれる,1
勇む,1
焼き上げる,1
照らし合わせる,1
窄める,1
繰る,1
排する,1
揺れ合う,1
事足りる,1
虐げる,1
慣らす,1
回り回る,1
疲れ来る,1
遣っ付ける,1
泣き崩れる,1
磨り潰す,1
勝ち進む,1
浮かれる,1
打ち払う,1
投げ入れる,1
語り起こす,1
分け入る,1
乗り捨てる,1
浮腫む,1
渡り歩く,1
禿げ上がる,1
叩きのめす,1
甚振る,1
突っ掛かる,1
飛び乗る,1
背負い込む,1
締め込む,1
剥げる,1
淀む,1
迷い込む,1
押し殺す,1
言い回す,1
皮肉る,1
使い回す,1
漕ぎ進む,1
戯れ付く,1
ぎょえ,1
ナビる,1
轟く,1
噎せ返る,1
縫い上げる,1
面食らう,1
潤む,1
降り懸かる,1
拭い取る,1
痩せ細る,1
打ち上がる,1
繋ぎ止める,1
漏れ伝わる,1
交尾む,1
煮詰まる,1
競り勝つ,1
揉み解す,1
見向く,1
冷ます,1
掻き分ける,1
掛け継ぐ,1
回し込む,1
溢れ出す,1
へし曲げる,1
書き留める,1
拗ねる,1
はて,1
崩ずる,1
痩せこける,1
啜り上げる,1
開き掛ける,1
満ち溢れる,1
絞り出す,1
借り換える,1
うふん,1
くぐもる,1
宣う,1
あてがう,1
寝かし付ける,1
見せ合う,1
飼い慣らす,1
捏ち上げる,1
殴り殺す,1
挟み込む,1
遣り込める,1
遣り潰す,1
若返る,1
伸す,1
乗っける,1
ささくれ立つ,1
凄む,1
らりる,1
殴り掛かる,1
鼻白む,1
でへへ,1
げえ,1
盗み見る,1
自惚れる,1
抗う,1
掻い摘む,1
べた付く,1
がなる,1
掻き攫う,1
浮かれ踊る,1
歌い踊る,1
貪り読む,1
干し上がる,1
事寄せる,1
あぐねる,1
煎じ詰める,1
がかる,1
蒼む,1
選び抜く,1
剥げ落ちる,1
降り頻る,1
塞ぎ合う,1
塗り固める,1
萎れる,1
酔い潰れる,1
漲る,1
招き入れる,1
見飽きる,1
植え込む,1
鄙びる,1
打ち放す,1
おす,1
ぶち切れる,1
打っぱなす,1
ささ,1
うふふ,1
